deemedExecutionDate,issuerName,issuerCik,issuerTradingSymbol,securityTitle,transactionDate,transactionCoding_transactionFormType,transactionCoding_transactionCode,transactionCoding_equitySwapInvolved,transactionCoding_footnoteId_@id,transactionTimeliness,transactionAmounts_transactionShares,transactionAmounts_transactionShares_footnoteId_@id,transactionAmounts_transactionPricePerShare,transactionAmounts_transactionPricePerShare_footnoteId_@id,transactionAmounts_transactionAcquiredDisposedCode,postTransactionAmounts_sharesOwnedFollowingTransaction,ownershipNature_directOrIndirectOwnership,ownershipNature_natureOfOwnership,ownershipNature_natureOfOwnership_footnoteId_@id,postTransactionAmounts_sharesOwnedFollowingTransaction_footnoteId_@id,deemedExecutionDate
,TESLA MOTORS INC,0001318605,TSLA,Common Stock,2021-12-02,4,S,0,F1,,32041,F2,1090.195,F3,D,1466808,D,,,,
,TESLA MOTORS INC,0001318605,TSLA,Common Stock,2021-12-02,4,S,0,F1,,24141,F2,1091.196,F4,D,1442667,D,,,,
,TESLA MOTORS INC,0001318605,TSLA,Common Stock,2021-12-02,4,S,0,F1,,19535,F2,1092.247,F5,D,1423132,D,,,,
,TESLA MOTORS INC,0001318605,TSLA,Common Stock,2021-12-02,4,S,0,F1,,34935,F2,1093.217,F6,D,1388197,D,,,,
,TESLA MOTORS INC,0001318605,TSLA,Common Stock,2021-12-02,4,S,0,F1,,22262,F2,1094.205,F7,D,1365935,D,,,,
,TESLA MOTORS INC,0001318605,TSLA,Common Stock,2021-12-02,4,S,0,F1,,13012,F2,1095.296,F8,D,1352923,D,,,,
,TESLA MOTORS INC,0001318605,TSLA,Common Stock,2021-12-02,4,S,0,F1,,11951,F2,1096.316,F9,D,1340972,D,,,,
,TESLA MOTORS INC,0001318605,TSLA,Common Stock,2021-12-02,4,S,0,F1,,12413,F2,1097.253,F10,D,1328559,D,,,,
,TESLA MOTORS INC,0001318605,TSLA,Common Stock,2021-12-02,4,S,0,F1,,18546,F2,1098.636,F11,D,1310013,D,,,,
,TESLA MOTORS INC,0001318605,TSLA,Common Stock,2021-12-02,4,S,0,F1,,19945,F2,1099.60,F12,D,1290068,D,,,,
,TESLA MOTORS INC,0001318605,TSLA,Common Stock,2021-12-02,4,S,0,F1,,3185,F2,1100.287,F13,D,1286883,D,,,,
,TESLA MOTORS INC,0001318605,TSLA,Common Stock,2021-12-02,4,S,0,F1,,15722,F2,1101.916,F14,D,1271161,D,,,,
,TESLA MOTORS INC,0001318605,TSLA,Common Stock,2021-12-02,4,S,0,F1,,11251,F2,1103.388,F15,D,1259910,D,,,,
,TESLA MOTORS INC,0001318605,TSLA,Common Stock,2021-12-02,4,S,0,F1,,17186,F2,1104.22,F16,D,1242724,D,,,,
,TESLA MOTORS INC,0001318605,TSLA,Common Stock,2021-12-02,4,S,0,F1,,6179,F2,1105.475,F17,D,1236545,D,,,,
,TESLA MOTORS INC,0001318605,TSLA,Common Stock,2021-12-02,4,S,0,F1,,6508,F2,1106.643,F18,D,1230037,D,,,,
,TESLA MOTORS INC,0001318605,TSLA,Common Stock,2021-12-02,4,S,0,F1,,6742,F2,1108.047,F19,D,1223295,D,,,,
,TESLA MOTORS INC,0001318605,TSLA,Common Stock,2021-12-02,4,S,0,F1,,6783,F2,1108.84,F20,D,1216512,D,,,,
,TESLA MOTORS INC,0001318605,TSLA,Common Stock,2021-12-02,4,S,0,F1,,9359,F2,1110.034,F21,D,1207153,D,,,,
,TESLA MOTORS INC,0001318605,TSLA,Common Stock,2021-12-02,4,S,0,F1,,7600,F2,1110.949,F22,D,1199553,D,,,,
,TESLA MOTORS INC,0001318605,TSLA,Common Stock,2021-12-02,4,S,0,F1,,203,F2,1112.023,F23,D,1199350,D,,,,
,TESLA MOTORS INC,0001318605,TSLA,Common Stock,2021-12-02,4,M,0,F1,,2133441,,6.24,,A,2133441,D,,,,
,TESLA MOTORS INC,0001318605,TSLA,Common Stock,2021-12-02,4,S,0,F1,,2500,F2,1058.659,F3,D,2130941,D,,,,
,TESLA MOTORS INC,0001318605,TSLA,Common Stock,2021-12-02,4,S,0,F1,,7019,F2,1060.098,F4,D,2123922,D,,,,
,TESLA MOTORS INC,0001318605,TSLA,Common Stock,2021-12-02,4,S,0,F1,,2400,F2,1062.19,F5,D,2121522,D,,,,
,TESLA MOTORS INC,0001318605,TSLA,Common Stock,2021-12-02,4,S,0,F1,,6754,F2,1063.573,F6,D,2114768,D,,,,
,TESLA MOTORS INC,0001318605,TSLA,Common Stock,2021-12-02,4,S,0,F1,,6900,F2,1064.58,F7,D,2107868,D,,,,
,TESLA MOTORS INC,0001318605,TSLA,Common Stock,2021-12-02,4,S,0,F1,,5955,F2,1065.735,F8,D,2101913,D,,,,
,TESLA MOTORS INC,0001318605,TSLA,Common Stock,2021-12-02,4,S,0,F1,,7883,F2,1066.811,F9,D,2094030,D,,,,
,TESLA MOTORS INC,0001318605,TSLA,Common Stock,2021-12-02,4,S,0,F1,,12793,F2,1067.817,F10,D,2081237,D,,,,
,TESLA MOTORS INC,0001318605,TSLA,Common Stock,2021-12-02,4,S,0,F1,,16555,F2,1068.873,F11,D,2064682,D,,,,
,TESLA MOTORS INC,0001318605,TSLA,Common Stock,2021-12-02,4,S,0,F1,,12843,F2,1069.97,F12,D,2051839,D,,,,
,TESLA MOTORS INC,0001318605,TSLA,Common Stock,2021-12-02,4,S,0,F1,,11124,F2,1070.845,F13,D,2040715,D,,,,
,TESLA MOTORS INC,0001318605,TSLA,Common Stock,2021-12-02,4,S,0,F1,,15489,F2,1072.092,F14,D,2025226,D,,,,
,TESLA MOTORS INC,0001318605,TSLA,Common Stock,2021-12-02,4,S,0,F1,,13961,F2,1072.966,F15,D,2011265,D,,,,
,TESLA MOTORS INC,0001318605,TSLA,Common Stock,2021-12-02,4,S,0,F1,,14781,F2,1074.006,F16,D,1996484,D,,,,
,TESLA MOTORS INC,0001318605,TSLA,Common Stock,2021-12-02,4,S,0,F1,,18126,F2,1075.105,F17,D,1978358,D,,,,
,TESLA MOTORS INC,0001318605,TSLA,Common Stock,2021-12-02,4,S,0,F1,,23922,F2,1076.123,F18,D,1954436,D,,,,
,TESLA MOTORS INC,0001318605,TSLA,Common Stock,2021-12-02,4,S,0,F1,,31748,F2,1077.078,F19,D,1922688,D,,,,
,TESLA MOTORS INC,0001318605,TSLA,Common Stock,2021-12-02,4,S,0,F1,,29985,F2,1078.039,F20,D,1892703,D,,,,
,TESLA MOTORS INC,0001318605,TSLA,Common Stock,2021-12-02,4,S,0,F1,,38553,F2,1079.065,F21,D,1854150,D,,,,
,TESLA MOTORS INC,0001318605,TSLA,Common Stock,2021-12-02,4,S,0,F1,,29652,F2,1080.047,F22,D,1824498,D,,,,
,TESLA MOTORS INC,0001318605,TSLA,Common Stock,2021-12-02,4,S,0,F1,,35975,F2,1081.086,F23,D,1788523,D,,,,
,TESLA MOTORS INC,0001318605,TSLA,Common Stock,2021-12-02,4,S,0,F1,,44050,F2,1082.203,F24,D,1744473,D,,,,
,TESLA MOTORS INC,0001318605,TSLA,Common Stock,2021-12-02,4,S,0,F1,,67991,F2,1083.12,F25,D,1676482,D,,,,
,TESLA MOTORS INC,0001318605,TSLA,Common Stock,2021-12-02,4,S,0,F1,,51891,F2,1084.094,F26,D,1624591,D,,,,
,TESLA MOTORS INC,0001318605,TSLA,Common Stock,2021-12-02,4,S,0,F1,,33050,F2,1085.096,F27,D,1591541,D,,,,
,TESLA MOTORS INC,0001318605,TSLA,Common Stock,2021-12-02,4,S,0,F1,,28389,F2,1086.237,F28,D,1563152,D,,,,
,TESLA MOTORS INC,0001318605,TSLA,Common Stock,2021-12-02,4,S,0,F1,,20560,F2,1087.20,F29,D,1542592,D,,,,
,TESLA MOTORS INC,0001318605,TSLA,Common Stock,2021-12-02,4,S,0,F1,,17849,F2,1088.09,F30,D,1524743,D,,,,
,TESLA MOTORS INC,0001318605,TSLA,Common Stock,2021-12-02,4,S,0,F1,,25894,F2,1089.189,F31,D,1498849,D,,,,
,TESLA MOTORS INC,0001318605,TSLA,Common Stock,2021-11-23,4,S,0,F1,,13383,F2,1163.733,F3,D,1331678,D,,,,
,TESLA MOTORS INC,0001318605,TSLA,Common Stock,2021-11-23,4,S,0,F1,,7400,F2,1164.98,F4,D,1324278,D,,,,
,TESLA MOTORS INC,0001318605,TSLA,Common Stock,2021-11-23,4,S,0,F1,,7224,F2,1166.014,F5,D,1317054,D,,,,
,TESLA MOTORS INC,0001318605,TSLA,Common Stock,2021-11-23,4,S,0,F1,,12244,F2,1167.181,F6,D,1304810,D,,,,
,TESLA MOTORS INC,0001318605,TSLA,Common Stock,2021-11-23,4,S,0,F1,,1605,F2,1167.922,F7,D,1303205,D,,,,
,TESLA MOTORS INC,0001318605,TSLA,Common Stock,2021-11-23,4,S,0,F1,,4419,F2,1169.462,F8,D,1298786,D,,,,
,TESLA MOTORS INC,0001318605,TSLA,Common Stock,2021-11-23,4,S,0,F1,,10667,F2,1170.783,F9,D,1288119,D,,,,
,TESLA MOTORS INC,0001318605,TSLA,Common Stock,2021-11-23,4,S,0,F1,,14377,F2,1171.946,F10,D,1273742,D,,,,
,TESLA MOTORS INC,0001318605,TSLA,Common Stock,2021-11-23,4,S,0,F1,,13112,F2,1172.921,F11,D,1260630,D,,,,
,TESLA MOTORS INC,0001318605,TSLA,Common Stock,2021-11-23,4,S,0,F1,,15713,F2,1173.926,F12,D,1244917,D,,,,
,TESLA MOTORS INC,0001318605,TSLA,Common Stock,2021-11-23,4,S,0,F1,,4258,F2,1175.01,F13,D,1240659,D,,,,
,TESLA MOTORS INC,0001318605,TSLA,Common Stock,2021-11-23,4,S,0,F1,,4930,F2,1175.688,F14,D,1235729,D,,,,
,TESLA MOTORS INC,0001318605,TSLA,Common Stock,2021-11-23,4,S,0,F1,,4200,F2,1177.09,F15,D,1231529,D,,,,
,TESLA MOTORS INC,0001318605,TSLA,Common Stock,2021-11-23,4,S,0,F1,,11139,F2,1178.09,F16,D,1220390,D,,,,
,TESLA MOTORS INC,0001318605,TSLA,Common Stock,2021-11-23,4,S,0,F1,,1800,F2,1179.083,F17,D,1218590,D,,,,
,TESLA MOTORS INC,0001318605,TSLA,Common Stock,2021-11-23,4,S,0,F1,,20121,F2,1127.508,F3,D,1601155,D,,,,
,TESLA MOTORS INC,0001318605,TSLA,Common Stock,2021-11-23,4,S,0,F1,,17574,F2,1128.461,F4,D,1583581,D,,,,
,TESLA MOTORS INC,0001318605,TSLA,Common Stock,2021-11-23,4,S,0,F1,,13592,F2,1129.491,F5,D,1569989,D,,,,
,TESLA MOTORS INC,0001318605,TSLA,Common Stock,2021-11-23,4,S,0,F1,,7311,F2,1130.626,F6,D,1562678,D,,,,
,TESLA MOTORS INC,0001318605,TSLA,Common Stock,2021-11-23,4,S,0,F1,,8467,F2,1131.672,F7,D,1554211,D,,,,
,TESLA MOTORS INC,0001318605,TSLA,Common Stock,2021-11-23,4,S,0,F1,,7365,F2,1132.503,F8,D,1546846,D,,,,
,TESLA MOTORS INC,0001318605,TSLA,Common Stock,2021-11-23,4,S,0,F1,,5342,F2,1133.459,F9,D,1541504,D,,,,
,TESLA MOTORS INC,0001318605,TSLA,Common Stock,2021-11-23,4,S,0,F1,,5500,F2,1134.581,F10,D,1536004,D,,,,
,TESLA MOTORS INC,0001318605,TSLA,Common Stock,2021-11-23,4,S,0,F1,,1123,F2,1136.06,F11,D,1534881,D,,,,
,TESLA MOTORS INC,0001318605,TSLA,Common Stock,2021-11-23,4,S,0,F1,,4100,F2,1138.668,F12,D,1530781,D,,,,
,TESLA MOTORS INC,0001318605,TSLA,Common Stock,2021-11-23,4,S,0,F1,,3333,F2,1139.636,F13,D,1527448,D,,,,
,TESLA MOTORS INC,0001318605,TSLA,Common Stock,2021-11-23,4,S,0,F1,,9700,F2,1141.776,F14,D,1517748,D,,,,
,TESLA MOTORS INC,0001318605,TSLA,Common Stock,2021-11-23,4,S,0,F1,,5174,F2,1142.675,F15,D,1512574,D,,,,
,TESLA MOTORS INC,0001318605,TSLA,Common Stock,2021-11-23,4,S,0,F1,,800,F2,1143.575,F16,D,1511774,D,,,,
,TESLA MOTORS INC,0001318605,TSLA,Common Stock,2021-11-23,4,S,0,F1,,8634,F2,1146.243,F17,D,1503140,D,,,,
,TESLA MOTORS INC,0001318605,TSLA,Common Stock,2021-11-23,4,S,0,F1,,10936,F2,1147.087,F18,D,1492204,D,,,,
,TESLA MOTORS INC,0001318605,TSLA,Common Stock,2021-11-23,4,S,0,F1,,10377,F2,1148.09,F19,D,1481827,D,,,,
,TESLA MOTORS INC,0001318605,TSLA,Common Stock,2021-11-23,4,S,0,F1,,18217,F2,1149.088,F20,D,1463610,D,,,,
,TESLA MOTORS INC,0001318605,TSLA,Common Stock,2021-11-23,4,S,0,F1,,7580,F2,1150.165,F21,D,1456030,D,,,,
,TESLA MOTORS INC,0001318605,TSLA,Common Stock,2021-11-23,4,S,0,F1,,22844,F2,1151.465,F22,D,1433186,D,,,,
,TESLA MOTORS INC,0001318605,TSLA,Common Stock,2021-11-23,4,S,0,F1,,6128,F2,1152.45,F23,D,1427058,D,,,,
,TESLA MOTORS INC,0001318605,TSLA,Common Stock,2021-11-23,4,S,0,F1,,7800,F2,1153.737,F24,D,1419258,D,,,,
,TESLA MOTORS INC,0001318605,TSLA,Common Stock,2021-11-23,4,S,0,F1,,9443,F2,1154.693,F25,D,1409815,D,,,,
,TESLA MOTORS INC,0001318605,TSLA,Common Stock,2021-11-23,4,S,0,F1,,6200,F2,1155.925,F26,D,1403615,D,,,,
,TESLA MOTORS INC,0001318605,TSLA,Common Stock,2021-11-23,4,S,0,F1,,8641,F2,1157.041,F27,D,1394974,D,,,,
,TESLA MOTORS INC,0001318605,TSLA,Common Stock,2021-11-23,4,S,0,F1,,12700,F2,1158.03,F28,D,1382274,D,,,,
,TESLA MOTORS INC,0001318605,TSLA,Common Stock,2021-11-23,4,S,0,F1,,17500,F2,1159.965,F29,D,1364774,D,,,,
,TESLA MOTORS INC,0001318605,TSLA,Common Stock,2021-11-23,4,S,0,F1,,8500,F2,1160.828,F30,D,1356274,D,,,,
,TESLA MOTORS INC,0001318605,TSLA,Common Stock,2021-11-23,4,S,0,F1,,5496,F2,1161.944,F31,D,1350778,D,,,,
,TESLA MOTORS INC,0001318605,TSLA,Common Stock,2021-11-23,4,S,0,F1,,5717,F2,1162.888,F32,D,1345061,D,,,,
,TESLA MOTORS INC,0001318605,TSLA,Common Stock,2021-11-23,4,S,0,F1,,7800,F2,1095.296,F3,D,1922170,D,,,,
,TESLA MOTORS INC,0001318605,TSLA,Common Stock,2021-11-23,4,S,0,F1,,12634,F2,1096.52,F4,D,1909536,D,,,,
,TESLA MOTORS INC,0001318605,TSLA,Common Stock,2021-11-23,4,S,0,F1,,7100,F2,1097.599,F5,D,1902436,D,,,,
,TESLA MOTORS INC,0001318605,TSLA,Common Stock,2021-11-23,4,S,0,F1,,6755,F2,1098.605,F6,D,1895681,D,,,,
,TESLA MOTORS INC,0001318605,TSLA,Common Stock,2021-11-23,4,S,0,F1,,2600,F2,1099.47,F7,D,1893081,D,,,,
,TESLA MOTORS INC,0001318605,TSLA,Common Stock,2021-11-23,4,S,0,F1,,2000,F2,1100.726,F8,D,1891081,D,,,,
,TESLA MOTORS INC,0001318605,TSLA,Common Stock,2021-11-23,4,S,0,F1,,1555,F2,1101.738,F9,D,1889526,D,,,,
,TESLA MOTORS INC,0001318605,TSLA,Common Stock,2021-11-23,4,S,0,F1,,1800,F2,1102.562,F10,D,1887726,D,,,,
,TESLA MOTORS INC,0001318605,TSLA,Common Stock,2021-11-23,4,S,0,F1,,5300,F2,1103.896,F11,D,1882426,D,,,,
,TESLA MOTORS INC,0001318605,TSLA,Common Stock,2021-11-23,4,S,0,F1,,4900,F2,1105.189,F12,D,1877526,D,,,,
,TESLA MOTORS INC,0001318605,TSLA,Common Stock,2021-11-23,4,S,0,F1,,6200,F2,1106.124,F13,D,1871326,D,,,,
,TESLA MOTORS INC,0001318605,TSLA,Common Stock,2021-11-23,4,S,0,F1,,8098,F2,1107.355,F14,D,1863228,D,,,,
,TESLA MOTORS INC,0001318605,TSLA,Common Stock,2021-11-23,4,S,0,F1,,14742,F2,1108.552,F15,D,1848486,D,,,,
,TESLA MOTORS INC,0001318605,TSLA,Common Stock,2021-11-23,4,S,0,F1,,15636,F2,1109.432,F16,D,1832850,D,,,,
,TESLA MOTORS INC,0001318605,TSLA,Common Stock,2021-11-23,4,S,0,F1,,8285,F2,1110.436,F17,D,1824565,D,,,,
,TESLA MOTORS INC,0001318605,TSLA,Common Stock,2021-11-23,4,S,0,F1,,7000,F2,1111.958,F18,D,1817565,D,,,,
,TESLA MOTORS INC,0001318605,TSLA,Common Stock,2021-11-23,4,S,0,F1,,21033,F2,1112.925,F19,D,1796532,D,,,,
,TESLA MOTORS INC,0001318605,TSLA,Common Stock,2021-11-23,4,S,0,F1,,12268,F2,1113.865,F20,D,1784264,D,,,,
,TESLA MOTORS INC,0001318605,TSLA,Common Stock,2021-11-23,4,S,0,F1,,4927,F2,1114.784,F21,D,1779337,D,,,,
,TESLA MOTORS INC,0001318605,TSLA,Common Stock,2021-11-23,4,S,0,F1,,2106,F2,1115.795,F22,D,1777231,D,,,,
,TESLA MOTORS INC,0001318605,TSLA,Common Stock,2021-11-23,4,S,0,F1,,4826,F2,1116.94,F23,D,1772405,D,,,,
,TESLA MOTORS INC,0001318605,TSLA,Common Stock,2021-11-23,4,S,0,F1,,15995,F2,1118.124,F24,D,1756410,D,,,,
,TESLA MOTORS INC,0001318605,TSLA,Common Stock,2021-11-23,4,S,0,F1,,11378,F2,1119.158,F25,D,1745032,D,,,,
,TESLA MOTORS INC,0001318605,TSLA,Common Stock,2021-11-23,4,S,0,F1,,6435,F2,1120.21,F26,D,1738597,D,,,,
,TESLA MOTORS INC,0001318605,TSLA,Common Stock,2021-11-23,4,S,0,F1,,22328,F2,1121.428,F27,D,1716269,D,,,,
,TESLA MOTORS INC,0001318605,TSLA,Common Stock,2021-11-23,4,S,0,F1,,16761,F2,1122.45,F28,D,1699508,D,,,,
,TESLA MOTORS INC,0001318605,TSLA,Common Stock,2021-11-23,4,S,0,F1,,17162,F2,1123.398,F29,D,1682346,D,,,,
,TESLA MOTORS INC,0001318605,TSLA,Common Stock,2021-11-23,4,S,0,F1,,28882,F2,1124.519,F30,D,1653464,D,,,,
,TESLA MOTORS INC,0001318605,TSLA,Common Stock,2021-11-23,4,S,0,F1,,17366,F2,1125.551,F31,D,1636098,D,,,,
,TESLA MOTORS INC,0001318605,TSLA,Common Stock,2021-11-23,4,S,0,F1,,14822,F2,1126.547,F32,D,1621276,D,,,,
,TESLA MOTORS INC,0001318605,TSLA,Common Stock,2021-11-23,4,M,0,F1,,2152681,,6.24,,A,2152681,D,,,,
,TESLA MOTORS INC,0001318605,TSLA,Common Stock,2021-11-23,4,S,0,F1,,700,F2,1063.963,F3,D,2151981,D,,,,
,TESLA MOTORS INC,0001318605,TSLA,Common Stock,2021-11-23,4,S,0,F1,,700,F2,1065.726,F4,D,2151281,D,,,,
,TESLA MOTORS INC,0001318605,TSLA,Common Stock,2021-11-23,4,S,0,F1,,2600,F2,1067.244,F5,D,2148681,D,,,,
,TESLA MOTORS INC,0001318605,TSLA,Common Stock,2021-11-23,4,S,0,F1,,5200,F2,1068.243,F6,D,2143481,D,,,,
,TESLA MOTORS INC,0001318605,TSLA,Common Stock,2021-11-23,4,S,0,F1,,5500,F2,1069.471,F7,D,2137981,D,,,,
,TESLA MOTORS INC,0001318605,TSLA,Common Stock,2021-11-23,4,S,0,F1,,7500,F2,1070.48,F8,D,2130481,D,,,,
,TESLA MOTORS INC,0001318605,TSLA,Common Stock,2021-11-23,4,S,0,F1,,11281,F2,1071.563,F9,D,2119200,D,,,,
,TESLA MOTORS INC,0001318605,TSLA,Common Stock,2021-11-23,4,S,0,F1,,10233,F2,1072.545,F10,D,2108967,D,,,,
,TESLA MOTORS INC,0001318605,TSLA,Common Stock,2021-11-23,4,S,0,F1,,11082,F2,1073.479,F11,D,2097885,D,,,,
,TESLA MOTORS INC,0001318605,TSLA,Common Stock,2021-11-23,4,S,0,F1,,8400,F2,1074.544,F12,D,2089485,D,,,,
,TESLA MOTORS INC,0001318605,TSLA,Common Stock,2021-11-23,4,S,0,F1,,8600,F2,1075.657,F13,D,2080885,D,,,,
,TESLA MOTORS INC,0001318605,TSLA,Common Stock,2021-11-23,4,S,0,F1,,3100,F2,1076.80,F14,D,2077785,D,,,,
,TESLA MOTORS INC,0001318605,TSLA,Common Stock,2021-11-23,4,S,0,F1,,5700,F2,1077.839,F15,D,2072085,D,,,,
,TESLA MOTORS INC,0001318605,TSLA,Common Stock,2021-11-23,4,S,0,F1,,7140,F2,1078.749,F16,D,2064945,D,,,,
,TESLA MOTORS INC,0001318605,TSLA,Common Stock,2021-11-23,4,S,0,F1,,5542,F2,1079.689,F17,D,2059403,D,,,,
,TESLA MOTORS INC,0001318605,TSLA,Common Stock,2021-11-23,4,S,0,F1,,6540,F2,1080.841,F18,D,2052863,D,,,,
,TESLA MOTORS INC,0001318605,TSLA,Common Stock,2021-11-23,4,S,0,F1,,10234,F2,1081.647,F19,D,2042629,D,,,,
,TESLA MOTORS INC,0001318605,TSLA,Common Stock,2021-11-23,4,S,0,F1,,7629,F2,1082.707,F20,D,2035000,D,,,,
,TESLA MOTORS INC,0001318605,TSLA,Common Stock,2021-11-23,4,S,0,F1,,11457,F2,1083.836,F21,D,2023543,D,,,,
,TESLA MOTORS INC,0001318605,TSLA,Common Stock,2021-11-23,4,S,0,F1,,12757,F2,1084.90,F22,D,2010786,D,,,,
,TESLA MOTORS INC,0001318605,TSLA,Common Stock,2021-11-23,4,S,0,F1,,11347,F2,1085.844,F23,D,1999439,D,,,,
,TESLA MOTORS INC,0001318605,TSLA,Common Stock,2021-11-23,4,S,0,F1,,6773,F2,1086.86,F24,D,1992666,D,,,,
,TESLA MOTORS INC,0001318605,TSLA,Common Stock,2021-11-23,4,S,0,F1,,8930,F2,1087.89,F25,D,1983736,D,,,,
,TESLA MOTORS INC,0001318605,TSLA,Common Stock,2021-11-23,4,S,0,F1,,11300,F2,1088.959,F26,D,1972436,D,,,,
,TESLA MOTORS INC,0001318605,TSLA,Common Stock,2021-11-23,4,S,0,F1,,5709,F2,1090.06,F27,D,1966727,D,,,,
,TESLA MOTORS INC,0001318605,TSLA,Common Stock,2021-11-23,4,S,0,F1,,4900,F2,1091.03,F28,D,1961827,D,,,,
,TESLA MOTORS INC,0001318605,TSLA,Common Stock,2021-11-23,4,S,0,F1,,13627,F2,1092.148,F29,D,1948200,D,,,,
,TESLA MOTORS INC,0001318605,TSLA,Common Stock,2021-11-23,4,S,0,F1,,11500,F2,1092.978,F30,D,1936700,D,,,,
,TESLA MOTORS INC,0001318605,TSLA,Common Stock,2021-11-23,4,S,0,F1,,6730,F2,1094.239,F31,D,1929970,D,,,,
,TESLA MOTORS INC,0001318605,TSLA,Common Stock,2021-11-16,4,S,0,F1,,24449,F2,1039.699,F3,D,3053205,D,,,,
,TESLA MOTORS INC,0001318605,TSLA,Common Stock,2021-11-16,4,S,0,F1,,25915,F2,1040.56,F4,D,3027290,D,,,,
,TESLA MOTORS INC,0001318605,TSLA,Common Stock,2021-11-16,4,S,0,F1,,23935,F2,1041.773,F5,D,3003355,D,,,,
,TESLA MOTORS INC,0001318605,TSLA,Common Stock,2021-11-16,4,S,0,F1,,70823,F2,1042.757,F6,D,2932532,D,,,,
,TESLA MOTORS INC,0001318605,TSLA,Common Stock,2021-11-16,4,S,0,F1,,61399,F2,1043.617,F7,D,2871133,D,,,,
,TESLA MOTORS INC,0001318605,TSLA,Common Stock,2021-11-16,4,S,0,F1,,54998,F2,1044.602,F8,D,2816135,D,,,,
,TESLA MOTORS INC,0001318605,TSLA,Common Stock,2021-11-16,4,S,0,F1,,61830,F2,1045.73,F9,D,2754305,D,,,,
,TESLA MOTORS INC,0001318605,TSLA,Common Stock,2021-11-16,4,S,0,F1,,65423,F2,1046.699,F10,D,2688882,D,,,,
,TESLA MOTORS INC,0001318605,TSLA,Common Stock,2021-11-16,4,S,0,F1,,91429,F2,1047.592,F11,D,2597453,D,,,,
,TESLA MOTORS INC,0001318605,TSLA,Common Stock,2021-11-16,4,S,0,F1,,83687,F2,1048.639,F12,D,2513766,D,,,,
,TESLA MOTORS INC,0001318605,TSLA,Common Stock,2021-11-16,4,S,0,F1,,34034,F2,1049.651,F13,D,2479732,D,,,,
,TESLA MOTORS INC,0001318605,TSLA,Common Stock,2021-11-16,4,S,0,F1,,28303,F2,1050.653,F14,D,2451429,D,,,,
,TESLA MOTORS INC,0001318605,TSLA,Common Stock,2021-11-16,4,S,0,F1,,33108,F2,1051.597,F15,D,2418321,D,,,,
,TESLA MOTORS INC,0001318605,TSLA,Common Stock,2021-11-16,4,S,0,F1,,17290,F2,1052.538,F16,D,2401031,D,,,,
,TESLA MOTORS INC,0001318605,TSLA,Common Stock,2021-11-16,4,S,0,F1,,14994,F2,1053.474,F17,D,2386037,D,,,,
,TESLA MOTORS INC,0001318605,TSLA,Common Stock,2021-11-16,4,S,0,F1,,10033,F2,1054.702,F18,D,2376004,D,,,,
,TESLA MOTORS INC,0001318605,TSLA,Common Stock,2021-11-16,4,S,0,F1,,18066,F2,1055.761,F19,D,2357938,D,,,,
,TESLA MOTORS INC,0001318605,TSLA,Common Stock,2021-11-16,4,S,0,F1,,4687,F2,1056.548,F20,D,2353251,D,,,,
,TESLA MOTORS INC,0001318605,TSLA,Common Stock,2021-11-16,4,M,0,F1,,2113761,,6.24,,A,3287342,D,,,,
,TESLA MOTORS INC,0001318605,TSLA,Common Stock,2021-11-16,4,S,0,F1,,13500,F2,1004.194,F3,D,3273842,D,,,,
,TESLA MOTORS INC,0001318605,TSLA,Common Stock,2021-11-16,4,S,0,F1,,6738,F2,1007.297,F4,D,3267104,D,,,,
,TESLA MOTORS INC,0001318605,TSLA,Common Stock,2021-11-16,4,S,0,F1,,1400,F2,1009.323,F5,D,3265704,D,,,,
,TESLA MOTORS INC,0001318605,TSLA,Common Stock,2021-11-16,4,S,0,F1,,1000,F2,1010.68,F6,D,3264704,D,,,,
,TESLA MOTORS INC,0001318605,TSLA,Common Stock,2021-11-16,4,S,0,F1,,1000,F2,1012.375,F7,D,3263704,D,,,,
,TESLA MOTORS INC,0001318605,TSLA,Common Stock,2021-11-16,4,S,0,F1,,1100,F2,1014.032,F8,D,3262604,D,,,,
,TESLA MOTORS INC,0001318605,TSLA,Common Stock,2021-11-16,4,S,0,F1,,600,F2,1014.76,,D,3262004,D,,,,
,TESLA MOTORS INC,0001318605,TSLA,Common Stock,2021-11-16,4,S,0,F1,,1900,F2,1016.341,F9,D,3260104,D,,,,
,TESLA MOTORS INC,0001318605,TSLA,Common Stock,2021-11-16,4,S,0,F1,,3100,F2,1017.327,F10,D,3257004,D,,,,
,TESLA MOTORS INC,0001318605,TSLA,Common Stock,2021-11-16,4,S,0,F1,,900,F2,1018.05,,D,3256104,D,,,,
,TESLA MOTORS INC,0001318605,TSLA,Common Stock,2021-11-16,4,S,0,F1,,1000,F2,1019.332,F11,D,3255104,D,,,,
,TESLA MOTORS INC,0001318605,TSLA,Common Stock,2021-11-16,4,S,0,F1,,4547,F2,1020.702,F12,D,3250557,D,,,,
,TESLA MOTORS INC,0001318605,TSLA,Common Stock,2021-11-16,4,S,0,F1,,10863,F2,1021.67,F13,D,3239694,D,,,,
,TESLA MOTORS INC,0001318605,TSLA,Common Stock,2021-11-16,4,S,0,F1,,17489,F2,1022.887,F14,D,3222205,D,,,,
,TESLA MOTORS INC,0001318605,TSLA,Common Stock,2021-11-16,4,S,0,F1,,17493,F2,1023.861,F15,D,3204712,D,,,,
,TESLA MOTORS INC,0001318605,TSLA,Common Stock,2021-11-16,4,S,0,F1,,14587,F2,1024.752,F16,D,3190125,D,,,,
,TESLA MOTORS INC,0001318605,TSLA,Common Stock,2021-11-16,4,S,0,F1,,13755,F2,1025.914,F17,D,3176370,D,,,,
,TESLA MOTORS INC,0001318605,TSLA,Common Stock,2021-11-16,4,S,0,F1,,13610,F2,1026.829,F18,D,3162760,D,,,,
,TESLA MOTORS INC,0001318605,TSLA,Common Stock,2021-11-16,4,S,0,F1,,5705,F2,1027.694,F19,D,3157055,D,,,,
,TESLA MOTORS INC,0001318605,TSLA,Common Stock,2021-11-16,4,S,0,F1,,3340,F2,1028.649,F20,D,3153715,D,,,,
,TESLA MOTORS INC,0001318605,TSLA,Common Stock,2021-11-16,4,S,0,F1,,2003,F2,1029.748,F21,D,3151712,D,,,,
,TESLA MOTORS INC,0001318605,TSLA,Common Stock,2021-11-16,4,S,0,F1,,10086,F2,1030.991,F22,D,3141626,D,,,,
,TESLA MOTORS INC,0001318605,TSLA,Common Stock,2021-11-16,4,S,0,F1,,17034,F2,1032.245,F23,D,3124592,D,,,,
,TESLA MOTORS INC,0001318605,TSLA,Common Stock,2021-11-16,4,S,0,F1,,5365,F2,1033.268,F24,D,3119227,D,,,,
,TESLA MOTORS INC,0001318605,TSLA,Common Stock,2021-11-16,4,S,0,F1,,4206,F2,1034.394,F25,D,3115021,D,,,,
,TESLA MOTORS INC,0001318605,TSLA,Common Stock,2021-11-16,4,S,0,F1,,4500,F2,1035.442,F26,D,3110521,D,,,,
,TESLA MOTORS INC,0001318605,TSLA,Common Stock,2021-11-16,4,S,0,F1,,8600,F2,1036.402,F27,D,3101921,D,,,,
,TESLA MOTORS INC,0001318605,TSLA,Common Stock,2021-11-16,4,S,0,F1,,11280,F2,1037.526,F28,D,3090641,D,,,,
,TESLA MOTORS INC,0001318605,TSLA,Common Stock,2021-11-16,4,S,0,F1,,12987,F2,1038.759,F29,D,3077654,D,,,,
,TESLA MOTORS INC,0001318605,TSLA,Common Stock,2021-11-15,4,S,0,F1,,7900,F2,1010.59,F3,D,1313876,D,,,,
,TESLA MOTORS INC,0001318605,TSLA,Common Stock,2021-11-15,4,S,0,F1,,15466,F2,1011.504,F4,D,1298410,D,,,,
,TESLA MOTORS INC,0001318605,TSLA,Common Stock,2021-11-15,4,S,0,F1,,18190,F2,1012.587,F5,D,1280220,D,,,,
,TESLA MOTORS INC,0001318605,TSLA,Common Stock,2021-11-15,4,S,0,F1,,11893,F2,1013.40,F6,D,1268327,D,,,,
,TESLA MOTORS INC,0001318605,TSLA,Common Stock,2021-11-15,4,S,0,F1,,16465,F2,1014.492,F7,D,1251862,D,,,,
,TESLA MOTORS INC,0001318605,TSLA,Common Stock,2021-11-15,4,S,0,F1,,9510,F2,1015.693,F8,D,1242352,D,,,,
,TESLA MOTORS INC,0001318605,TSLA,Common Stock,2021-11-15,4,S,0,F1,,9845,F2,1016.802,F9,D,1232507,D,,,,
,TESLA MOTORS INC,0001318605,TSLA,Common Stock,2021-11-15,4,S,0,F1,,24868,F2,1017.579,F10,D,1207639,D,,,,
,TESLA MOTORS INC,0001318605,TSLA,Common Stock,2021-11-15,4,S,0,F1,,9500,F2,1018.674,F11,D,1198139,D,,,,
,TESLA MOTORS INC,0001318605,TSLA,Common Stock,2021-11-15,4,S,0,F1,,8027,F2,1019.722,F12,D,1190112,D,,,,
,TESLA MOTORS INC,0001318605,TSLA,Common Stock,2021-11-15,4,S,0,F1,,6000,F2,1020.892,F13,D,1184112,D,,,,
,TESLA MOTORS INC,0001318605,TSLA,Common Stock,2021-11-15,4,S,0,F1,,3800,F2,1021.843,F14,D,1180312,D,,,,
,TESLA MOTORS INC,0001318605,TSLA,Common Stock,2021-11-15,4,S,0,F1,,3731,F2,1022.899,F15,D,1176581,D,,,,
,TESLA MOTORS INC,0001318605,TSLA,Common Stock,2021-11-15,4,S,0,F1,,1400,F2,1023.818,F16,D,1175181,D,,,,
,TESLA MOTORS INC,0001318605,TSLA,Common Stock,2021-11-15,4,S,0,F1,,300,F2,1026.25,,D,1174881,D,,,,
,TESLA MOTORS INC,0001318605,TSLA,Common Stock,2021-11-15,4,S,0,F1,,300,F2,1027.867,F17,D,1174581,D,,,,
,TESLA MOTORS INC,0001318605,TSLA,Common Stock,2021-11-15,4,S,0,F1,,700,F2,1028.934,F18,D,1173881,D,,,,
,TESLA MOTORS INC,0001318605,TSLA,Common Stock,2021-11-15,4,S,0,F1,,300,F2,1031.00,,D,1173581,D,,,,
,TESLA MOTORS INC,0001318605,TSLA,Common Stock,2021-11-15,4,M,0,F1,,2107672,,6.24,,A,2107672,D,,,,
,TESLA MOTORS INC,0001318605,TSLA,Common Stock,2021-11-15,4,S,0,F1,,1400,F2,980.457,F3,D,2106272,D,,,,
,TESLA MOTORS INC,0001318605,TSLA,Common Stock,2021-11-15,4,S,0,F1,,4678,F2,981.356,F4,D,2101594,D,,,,
,TESLA MOTORS INC,0001318605,TSLA,Common Stock,2021-11-15,4,S,0,F1,,9478,F2,982.196,F5,D,2092116,D,,,,
,TESLA MOTORS INC,0001318605,TSLA,Common Stock,2021-11-15,4,S,0,F1,,6600,F2,983.249,F6,D,2085516,D,,,,
,TESLA MOTORS INC,0001318605,TSLA,Common Stock,2021-11-15,4,S,0,F1,,27238,F2,984.59,F7,D,2058278,D,,,,
,TESLA MOTORS INC,0001318605,TSLA,Common Stock,2021-11-15,4,S,0,F1,,59420,F2,985.488,F8,D,1998858,D,,,,
,TESLA MOTORS INC,0001318605,TSLA,Common Stock,2021-11-15,4,S,0,F1,,61766,F2,986.437,F9,D,1937092,D,,,,
,TESLA MOTORS INC,0001318605,TSLA,Common Stock,2021-11-15,4,S,0,F1,,39835,F2,987.43,F10,D,1897257,D,,,,
,TESLA MOTORS INC,0001318605,TSLA,Common Stock,2021-11-15,4,S,0,F1,,51838,F2,988.607,F11,D,1845419,D,,,,
,TESLA MOTORS INC,0001318605,TSLA,Common Stock,2021-11-15,4,S,0,F1,,98123,F2,989.514,F12,D,1747296,D,,,,
,TESLA MOTORS INC,0001318605,TSLA,Common Stock,2021-11-15,4,S,0,F1,,83246,F2,990.342,F13,D,1664050,D,,,,
,TESLA MOTORS INC,0001318605,TSLA,Common Stock,2021-11-15,4,S,0,F1,,37076,F2,991.521,F14,D,1626974,D,,,,
,TESLA MOTORS INC,0001318605,TSLA,Common Stock,2021-11-15,4,S,0,F1,,46321,F2,992.463,F15,D,1580653,D,,,,
,TESLA MOTORS INC,0001318605,TSLA,Common Stock,2021-11-15,4,S,0,F1,,17112,F2,993.431,F16,D,1563541,D,,,,
,TESLA MOTORS INC,0001318605,TSLA,Common Stock,2021-11-15,4,S,0,F1,,12207,F2,994.492,F17,D,1551334,D,,,,
,TESLA MOTORS INC,0001318605,TSLA,Common Stock,2021-11-15,4,S,0,F1,,10560,F2,995.502,F18,D,1540774,D,,,,
,TESLA MOTORS INC,0001318605,TSLA,Common Stock,2021-11-15,4,S,0,F1,,19697,F2,996.666,F19,D,1521077,D,,,,
,TESLA MOTORS INC,0001318605,TSLA,Common Stock,2021-11-15,4,S,0,F1,,12851,F2,997.653,F20,D,1508226,D,,,,
,TESLA MOTORS INC,0001318605,TSLA,Common Stock,2021-11-15,4,S,0,F1,,26711,F2,998.711,F21,D,1481515,D,,,,
,TESLA MOTORS INC,0001318605,TSLA,Common Stock,2021-11-15,4,S,0,F1,,23669,F2,999.674,F22,D,1457846,D,,,,
,TESLA MOTORS INC,0001318605,TSLA,Common Stock,2021-11-15,4,S,0,F1,,16122,F2,1000.924,F23,D,1441724,D,,,,
,TESLA MOTORS INC,0001318605,TSLA,Common Stock,2021-11-15,4,S,0,F1,,7700,F2,1002.314,F24,D,1434024,D,,,,
,TESLA MOTORS INC,0001318605,TSLA,Common Stock,2021-11-15,4,S,0,F1,,21155,F2,1003.256,F25,D,1412869,D,,,,
,TESLA MOTORS INC,0001318605,TSLA,Common Stock,2021-11-15,4,S,0,F1,,13300,F2,1004.527,F26,D,1399569,D,,,,
,TESLA MOTORS INC,0001318605,TSLA,Common Stock,2021-11-15,4,S,0,F1,,9953,F2,1005.279,F27,D,1389616,D,,,,
,TESLA MOTORS INC,0001318605,TSLA,Common Stock,2021-11-15,4,S,0,F1,,13702,F2,1006.389,F28,D,1375914,D,,,,
,TESLA MOTORS INC,0001318605,TSLA,Common Stock,2021-11-15,4,S,0,F1,,23577,F2,1007.304,F29,D,1352337,D,,,,
,TESLA MOTORS INC,0001318605,TSLA,Common Stock,2021-11-15,4,S,0,F1,,13727,F2,1008.444,F30,D,1338610,D,,,,
,TESLA MOTORS INC,0001318605,TSLA,Common Stock,2021-11-15,4,S,0,F1,,16834,F2,1009.224,F31,D,1321776,D,,,,
,TESLA MOTORS INC,0001318605,TSLA,Common Stock,2021-11-12,4,S,0,,,6000,,1020.534,F1,D,167479682,I,by Trust,F2,,
,TESLA MOTORS INC,0001318605,TSLA,Common Stock,2021-11-12,4,S,0,,,9951,,1021.458,F3,D,167469731,I,by Trust,F2,,
,TESLA MOTORS INC,0001318605,TSLA,Common Stock,2021-11-12,4,S,0,,,62474,,1022.611,F4,D,167407257,I,by Trust,F2,,
,TESLA MOTORS INC,0001318605,TSLA,Common Stock,2021-11-12,4,S,0,,,82055,,1023.451,F5,D,167325202,I,by Trust,F2,,
,TESLA MOTORS INC,0001318605,TSLA,Common Stock,2021-11-12,4,S,0,,,83647,,1024.427,F6,D,167241555,I,by Trust,F2,,
,TESLA MOTORS INC,0001318605,TSLA,Common Stock,2021-11-12,4,S,0,,,94537,,1025.485,F7,D,167147018,I,by Trust,F2,,
,TESLA MOTORS INC,0001318605,TSLA,Common Stock,2021-11-12,4,S,0,,,66061,,1026.477,F8,D,167080957,I,by Trust,F2,,
,TESLA MOTORS INC,0001318605,TSLA,Common Stock,2021-11-12,4,S,0,,,61197,,1027.598,F9,D,167019760,I,by Trust,F2,,
,TESLA MOTORS INC,0001318605,TSLA,Common Stock,2021-11-12,4,S,0,,,106957,,1028.473,F10,D,166912803,I,by Trust,F2,,
,TESLA MOTORS INC,0001318605,TSLA,Common Stock,2021-11-12,4,S,0,,,101293,,1029.49,F11,D,166811510,I,by Trust,F2,,
,TESLA MOTORS INC,0001318605,TSLA,Common Stock,2021-11-12,4,S,0,,,90044,,1030.515,F12,D,166721466,I,by Trust,F2,,
,TESLA MOTORS INC,0001318605,TSLA,Common Stock,2021-11-12,4,S,0,,,59137,,1031.523,F13,D,166662329,I,by Trust,F2,,
,TESLA MOTORS INC,0001318605,TSLA,Common Stock,2021-11-12,4,S,0,,,46479,,1032.459,F14,D,166615850,I,by Trust,F2,,
,TESLA MOTORS INC,0001318605,TSLA,Common Stock,2021-11-12,4,S,0,,,106870,,1033.428,F15,D,166508980,I,by Trust,F2,,
,TESLA MOTORS INC,0001318605,TSLA,Common Stock,2021-11-12,4,S,0,,,45303,,1034.493,F16,D,166463677,I,by Trust,F2,,
,TESLA MOTORS INC,0001318605,TSLA,Common Stock,2021-11-12,4,S,0,,,26290,,1035.561,F17,D,166437387,I,by Trust,F2,,
,TESLA MOTORS INC,0001318605,TSLA,Common Stock,2021-11-12,4,S,0,,,39924,,1036.411,F18,D,166397463,I,by Trust,F2,,
,TESLA MOTORS INC,0001318605,TSLA,Common Stock,2021-11-12,4,S,0,,,28832,,1037.55,F19,D,166368631,I,by Trust,F2,,
,TESLA MOTORS INC,0001318605,TSLA,Common Stock,2021-11-12,4,S,0,,,32129,,1038.432,F20,D,166336502,I,by Trust,F2,,
,TESLA MOTORS INC,0001318605,TSLA,Common Stock,2021-11-12,4,S,0,,,28231,,1039.533,F21,D,166308271,I,by Trust,F2,,
,TESLA MOTORS INC,0001318605,TSLA,Common Stock,2021-11-12,4,S,0,,,10809,,1040.40,F22,D,166297462,I,by Trust,F2,,
,TESLA MOTORS INC,0001318605,TSLA,Common Stock,2021-11-12,4,S,0,,,7458,,1041.676,F23,D,166290004,I,by Trust,F2,,
,TESLA MOTORS INC,0001318605,TSLA,Common Stock,2021-11-12,4,S,0,,,3049,,1042.541,F24,D,166286955,I,by Trust,F2,,
,TESLA MOTORS INC,0001318605,TSLA,Common Stock,2021-11-12,4,S,0,,,801,,1043.288,F25,D,166286154,I,by Trust,F2,,
,TESLA MOTORS INC,0001318605,TSLA,Common Stock,2021-11-12,4,S,0,,,472,,1044.751,F26,D,166285682,I,by Trust,F2,,
,TESLA MOTORS INC,0001318605,TSLA,Common Stock,2021-11-11,4,S,0,,,3918,,1088.578,F1,D,167533863,I,by Trust,F2,,
,TESLA MOTORS INC,0001318605,TSLA,Common Stock,2021-11-11,4,S,0,,,2343,,1089.305,F3,D,167531520,I,by Trust,F2,,
,TESLA MOTORS INC,0001318605,TSLA,Common Stock,2021-11-11,4,S,0,,,1914,,1090.29,F4,D,167529606,I,by Trust,F2,,
,TESLA MOTORS INC,0001318605,TSLA,Common Stock,2021-11-11,4,S,0,,,1500,,1091.671,F5,D,167528106,I,by Trust,F2,,
,TESLA MOTORS INC,0001318605,TSLA,Common Stock,2021-11-11,4,S,0,,,1400,,1092.694,F6,D,167526706,I,by Trust,F2,,
,TESLA MOTORS INC,0001318605,TSLA,Common Stock,2021-11-11,4,S,0,,,2400,,1093.484,F7,D,167524306,I,by Trust,F2,,
,TESLA MOTORS INC,0001318605,TSLA,Common Stock,2021-11-11,4,S,0,,,2402,,1094.494,F8,D,167521904,I,by Trust,F2,,
,TESLA MOTORS INC,0001318605,TSLA,Common Stock,2021-11-11,4,S,0,,,1190,,1095.486,F9,D,167520714,I,by Trust,F2,,
,TESLA MOTORS INC,0001318605,TSLA,Common Stock,2021-11-11,4,S,0,,,3305,,1096.674,F10,D,167517409,I,by Trust,F2,,
,TESLA MOTORS INC,0001318605,TSLA,Common Stock,2021-11-11,4,S,0,,,71,,1097.10,,D,167517338,I,by Trust,F2,,
,TESLA MOTORS INC,0001318605,TSLA,Common Stock,2021-11-11,4,S,0,,,100,,1100.04,,D,167517238,I,by Trust,F2,,
,TESLA MOTORS INC,0001318605,TSLA,Common Stock,2021-11-11,4,S,0,,,30700,,1102.01,F11,D,167486538,I,by Trust,F2,,
,TESLA MOTORS INC,0001318605,TSLA,Common Stock,2021-11-11,4,S,0,,,256,,1103.511,F12,D,167486282,I,by Trust,F2,,
,TESLA MOTORS INC,0001318605,TSLA,Common Stock,2021-11-11,4,S,0,,,600,,1104.01,F13,D,167485682,I,by Trust,F2,,
,TESLA MOTORS INC,0001318605,TSLA,Common Stock,2021-11-11,4,S,0,,,2000,,1056.318,F1,D,168123419,I,by Trust,F3,F2,
,TESLA MOTORS INC,0001318605,TSLA,Common Stock,2021-11-11,4,S,0,,,200,,1059.29,,D,168123219,I,by Trust,F3,,
,TESLA MOTORS INC,0001318605,TSLA,Common Stock,2021-11-11,4,S,0,,,1000,,1060.433,F4,D,168122219,I,by Trust,F3,,
,TESLA MOTORS INC,0001318605,TSLA,Common Stock,2021-11-11,4,S,0,,,2800,,1061.092,F5,D,168119419,I,by Trust,F3,,
,TESLA MOTORS INC,0001318605,TSLA,Common Stock,2021-11-11,4,S,0,,,3600,,1062.266,F6,D,168115819,I,by Trust,F3,,
,TESLA MOTORS INC,0001318605,TSLA,Common Stock,2021-11-11,4,S,0,,,1801,,1063.713,F7,D,168114018,I,by Trust,F3,,
,TESLA MOTORS INC,0001318605,TSLA,Common Stock,2021-11-11,4,S,0,,,4901,,1064.345,F8,D,168109117,I,by Trust,F3,,
,TESLA MOTORS INC,0001318605,TSLA,Common Stock,2021-11-11,4,S,0,,,73432,,1065.249,F9,D,168035685,I,by Trust,F3,,
,TESLA MOTORS INC,0001318605,TSLA,Common Stock,2021-11-11,4,S,0,,,17208,,1066.457,F10,D,168018477,I,by Trust,F3,,
,TESLA MOTORS INC,0001318605,TSLA,Common Stock,2021-11-11,4,S,0,,,19950,,1067.51,F11,D,167998527,I,by Trust,F3,,
,TESLA MOTORS INC,0001318605,TSLA,Common Stock,2021-11-11,4,S,0,,,32262,,1068.48,F12,D,167966265,I,by Trust,F3,,
,TESLA MOTORS INC,0001318605,TSLA,Common Stock,2021-11-11,4,S,0,,,25012,,1069.401,F13,D,167941253,I,by Trust,F3,,
,TESLA MOTORS INC,0001318605,TSLA,Common Stock,2021-11-11,4,S,0,,,69905,,1070.352,F14,D,167871348,I,by Trust,F3,,
,TESLA MOTORS INC,0001318605,TSLA,Common Stock,2021-11-11,4,S,0,,,38156,,1071.531,F15,D,167833192,I,by Trust,F3,,
,TESLA MOTORS INC,0001318605,TSLA,Common Stock,2021-11-11,4,S,0,,,62412,,1072.529,F16,D,167770780,I,by Trust,F3,,
,TESLA MOTORS INC,0001318605,TSLA,Common Stock,2021-11-11,4,S,0,,,55742,,1073.382,F17,D,167715038,I,by Trust,F3,,
,TESLA MOTORS INC,0001318605,TSLA,Common Stock,2021-11-11,4,S,0,,,30829,,1074.459,F18,D,167684209,I,by Trust,F3,,
,TESLA MOTORS INC,0001318605,TSLA,Common Stock,2021-11-11,4,S,0,,,26188,,1075.464,F19,D,167658021,I,by Trust,F3,,
,TESLA MOTORS INC,0001318605,TSLA,Common Stock,2021-11-11,4,S,0,,,18457,,1076.488,F20,D,167639564,I,by Trust,F3,,
,TESLA MOTORS INC,0001318605,TSLA,Common Stock,2021-11-11,4,S,0,,,15051,,1077.454,F21,D,167624513,I,by Trust,F3,,
,TESLA MOTORS INC,0001318605,TSLA,Common Stock,2021-11-11,4,S,0,,,9429,,1078.395,F22,D,167615084,I,by Trust,F3,,
,TESLA MOTORS INC,0001318605,TSLA,Common Stock,2021-11-11,4,S,0,,,15843,,1079.529,F23,D,167599241,I,by Trust,F3,,
,TESLA MOTORS INC,0001318605,TSLA,Common Stock,2021-11-11,4,S,0,,,15053,,1080.451,F24,D,167584188,I,by Trust,F3,,
,TESLA MOTORS INC,0001318605,TSLA,Common Stock,2021-11-11,4,S,0,,,13132,,1081.534,F25,D,167571056,I,by Trust,F3,,
,TESLA MOTORS INC,0001318605,TSLA,Common Stock,2021-11-11,4,S,0,,,10701,,1082.419,F26,D,167560355,I,by Trust,F3,,
,TESLA MOTORS INC,0001318605,TSLA,Common Stock,2021-11-11,4,S,0,,,5357,,1083.306,F27,D,167554998,I,by Trust,F3,,
,TESLA MOTORS INC,0001318605,TSLA,Common Stock,2021-11-11,4,S,0,,,4940,,1084.549,F28,D,167550058,I,by Trust,F3,,
,TESLA MOTORS INC,0001318605,TSLA,Common Stock,2021-11-11,4,S,0,,,2349,,1085.61,F29,D,167547709,I,by Trust,F3,,
,TESLA MOTORS INC,0001318605,TSLA,Common Stock,2021-11-11,4,S,0,,,3961,,1086.438,F30,D,167543748,I,by Trust,F3,,
,TESLA MOTORS INC,0001318605,TSLA,Common Stock,2021-11-11,4,S,0,,,5967,,1087.243,F31,D,167537781,I,by Trust,F3,,
,TESLA MOTORS INC,0001318605,TSLA,Common Stock,2021-11-10,4,S,0,,,12978,,1060.515,F1,D,167133966,I,by Trust,F2,,
,TESLA MOTORS INC,0001318605,TSLA,Common Stock,2021-11-10,4,S,0,,,17321,,1061.44,F3,D,167116645,I,by Trust,F2,,
,TESLA MOTORS INC,0001318605,TSLA,Common Stock,2021-11-10,4,S,0,,,9600,,1062.527,F4,D,167107045,I,by Trust,F2,,
,TESLA MOTORS INC,0001318605,TSLA,Common Stock,2021-11-10,4,S,0,,,14256,,1063.481,F5,D,167092789,I,by Trust,F2,,
,TESLA MOTORS INC,0001318605,TSLA,Common Stock,2021-11-10,4,S,0,,,16195,,1064.524,F6,D,167076594,I,by Trust,F2,,
,TESLA MOTORS INC,0001318605,TSLA,Common Stock,2021-11-10,4,S,0,,,8943,,1065.586,F7,D,167067651,I,by Trust,F2,,
,TESLA MOTORS INC,0001318605,TSLA,Common Stock,2021-11-10,4,S,0,,,20544,,1066.575,F8,D,167047107,I,by Trust,F2,,
,TESLA MOTORS INC,0001318605,TSLA,Common Stock,2021-11-10,4,S,0,,,20828,,1067.496,F9,D,167026279,I,by Trust,F2,,
,TESLA MOTORS INC,0001318605,TSLA,Common Stock,2021-11-10,4,S,0,,,20195,,1068.448,F10,D,167006084,I,by Trust,F2,,
,TESLA MOTORS INC,0001318605,TSLA,Common Stock,2021-11-10,4,S,0,,,11329,,1069.502,F11,D,166994755,I,by Trust,F2,,
,TESLA MOTORS INC,0001318605,TSLA,Common Stock,2021-11-10,4,S,0,,,11085,,1070.49,F12,D,166983670,I,by Trust,F2,,
,TESLA MOTORS INC,0001318605,TSLA,Common Stock,2021-11-10,4,S,0,,,16764,,1071.513,F13,D,166966906,I,by Trust,F2,,
,TESLA MOTORS INC,0001318605,TSLA,Common Stock,2021-11-10,4,S,0,,,19745,,1072.565,F14,D,166947161,I,by Trust,F2,,
,TESLA MOTORS INC,0001318605,TSLA,Common Stock,2021-11-10,4,S,0,,,18414,,1073.472,F15,D,166928747,I,by Trust,F2,,
,TESLA MOTORS INC,0001318605,TSLA,Common Stock,2021-11-10,4,S,0,,,16977,,1074.448,F16,D,166911770,I,by Trust,F2,,
,TESLA MOTORS INC,0001318605,TSLA,Common Stock,2021-11-10,4,S,0,,,4079,,1075.491,F17,D,166907691,I,by Trust,F2,,
,TESLA MOTORS INC,0001318605,TSLA,Common Stock,2021-11-10,4,S,0,,,2354,,1076.497,F18,D,166905337,I,by Trust,F2,,
,TESLA MOTORS INC,0001318605,TSLA,Common Stock,2021-11-10,4,S,0,,,399,,1077.355,F19,D,166904938,I,by Trust,F2,,
,TESLA MOTORS INC,0001318605,TSLA,Common Stock,2021-11-10,4,S,0,,,2912,,1030.494,F1,D,167343925,I,by Trust,F2,,
,TESLA MOTORS INC,0001318605,TSLA,Common Stock,2021-11-10,4,S,0,,,4105,,1031.578,F3,D,167339820,I,by Trust,F2,,
,TESLA MOTORS INC,0001318605,TSLA,Common Stock,2021-11-10,4,S,0,,,4100,,1032.567,F4,D,167335720,I,by Trust,F2,,
,TESLA MOTORS INC,0001318605,TSLA,Common Stock,2021-11-10,4,S,0,,,4767,,1033.492,F5,D,167330953,I,by Trust,F2,,
,TESLA MOTORS INC,0001318605,TSLA,Common Stock,2021-11-10,4,S,0,,,4400,,1034.564,F6,D,167326553,I,by Trust,F2,,
,TESLA MOTORS INC,0001318605,TSLA,Common Stock,2021-11-10,4,S,0,,,5780,,1035.474,F7,D,167320773,I,by Trust,F2,,
,TESLA MOTORS INC,0001318605,TSLA,Common Stock,2021-11-10,4,S,0,,,6981,,1036.468,F8,D,167313792,I,by Trust,F2,,
,TESLA MOTORS INC,0001318605,TSLA,Common Stock,2021-11-10,4,S,0,,,3154,,1037.402,F9,D,167310638,I,by Trust,F2,,
,TESLA MOTORS INC,0001318605,TSLA,Common Stock,2021-11-10,4,S,0,,,1200,,1038.26,F10,D,167309438,I,by Trust,F2,,
,TESLA MOTORS INC,0001318605,TSLA,Common Stock,2021-11-10,4,S,0,,,2072,,1039.313,F11,D,167307366,I,by Trust,F2,,
,TESLA MOTORS INC,0001318605,TSLA,Common Stock,2021-11-10,4,S,0,,,900,,1040.621,F12,D,167306466,I,by Trust,F2,,
,TESLA MOTORS INC,0001318605,TSLA,Common Stock,2021-11-10,4,S,0,,,2603,,1041.435,F13,D,167303863,I,by Trust,F2,,
,TESLA MOTORS INC,0001318605,TSLA,Common Stock,2021-11-10,4,S,0,,,3081,,1042.523,F14,D,167300782,I,by Trust,F2,,
,TESLA MOTORS INC,0001318605,TSLA,Common Stock,2021-11-10,4,S,0,,,3510,,1043.64,F15,D,167297272,I,by Trust,F2,,
,TESLA MOTORS INC,0001318605,TSLA,Common Stock,2021-11-10,4,S,0,,,4000,,1044.513,F16,D,167293272,I,by Trust,F2,,
,TESLA MOTORS INC,0001318605,TSLA,Common Stock,2021-11-10,4,S,0,,,2600,,1045.401,F17,D,167290672,I,by Trust,F2,,
,TESLA MOTORS INC,0001318605,TSLA,Common Stock,2021-11-10,4,S,0,,,5158,,1046.637,F18,D,167285514,I,by Trust,F2,,
,TESLA MOTORS INC,0001318605,TSLA,Common Stock,2021-11-10,4,S,0,,,10456,,1047.577,F19,D,167275058,I,by Trust,F2,,
,TESLA MOTORS INC,0001318605,TSLA,Common Stock,2021-11-10,4,S,0,,,14606,,1048.517,F20,D,167260452,I,by Trust,F2,,
,TESLA MOTORS INC,0001318605,TSLA,Common Stock,2021-11-10,4,S,0,,,13635,,1049.417,F21,D,167246817,I,by Trust,F2,,
,TESLA MOTORS INC,0001318605,TSLA,Common Stock,2021-11-10,4,S,0,,,7338,,1050.473,F22,D,167239479,I,by Trust,F2,,
,TESLA MOTORS INC,0001318605,TSLA,Common Stock,2021-11-10,4,S,0,,,9322,,1051.52,F23,D,167230157,I,by Trust,F2,,
,TESLA MOTORS INC,0001318605,TSLA,Common Stock,2021-11-10,4,S,0,,,11964,,1052.515,F24,D,167218193,I,by Trust,F2,,
,TESLA MOTORS INC,0001318605,TSLA,Common Stock,2021-11-10,4,S,0,,,17025,,1053.49,F25,D,167201168,I,by Trust,F2,,
,TESLA MOTORS INC,0001318605,TSLA,Common Stock,2021-11-10,4,S,0,,,12471,,1054.372,F26,D,167188697,I,by Trust,F2,,
,TESLA MOTORS INC,0001318605,TSLA,Common Stock,2021-11-10,4,S,0,,,7695,,1055.522,F27,D,167181002,I,by Trust,F2,,
,TESLA MOTORS INC,0001318605,TSLA,Common Stock,2021-11-10,4,S,0,,,5368,,1056.46,F28,D,167175634,I,by Trust,F2,,
,TESLA MOTORS INC,0001318605,TSLA,Common Stock,2021-11-10,4,S,0,,,9778,,1057.494,F29,D,167165856,I,by Trust,F2,,
,TESLA MOTORS INC,0001318605,TSLA,Common Stock,2021-11-10,4,S,0,,,11124,,1058.471,F30,D,167154732,I,by Trust,F2,,
,TESLA MOTORS INC,0001318605,TSLA,Common Stock,2021-11-10,4,S,0,,,7788,,1059.429,F31,D,167146944,I,by Trust,F2,,
,TESLA MOTORS INC,0001318605,TSLA,Common Stock,2021-11-10,4,S,0,,,400,,1000.00,,D,167404538,I,by Trust,F1,,
,TESLA MOTORS INC,0001318605,TSLA,Common Stock,2021-11-10,4,S,0,,,796,,1001.263,F2,D,167403742,I,by Trust,F1,,
,TESLA MOTORS INC,0001318605,TSLA,Common Stock,2021-11-10,4,S,0,,,1104,,1002.552,F3,D,167402638,I,by Trust,F1,,
,TESLA MOTORS INC,0001318605,TSLA,Common Stock,2021-11-10,4,S,0,,,1500,,1003.539,F4,D,167401138,I,by Trust,F1,,
,TESLA MOTORS INC,0001318605,TSLA,Common Stock,2021-11-10,4,S,0,,,1112,,1004.67,F5,D,167400026,I,by Trust,F1,,
,TESLA MOTORS INC,0001318605,TSLA,Common Stock,2021-11-10,4,S,0,,,1302,,1005.403,F6,D,167398724,I,by Trust,,,
,TESLA MOTORS INC,0001318605,TSLA,Common Stock,2021-11-10,4,S,0,,,300,,1006.177,F7,D,167398424,I,by Trust,F1,,
,TESLA MOTORS INC,0001318605,TSLA,Common Stock,2021-11-10,4,S,0,,,366,,1007.087,F8,D,167398058,I,by Trust,F1,,
,TESLA MOTORS INC,0001318605,TSLA,Common Stock,2021-11-10,4,S,0,,,1056,,1008.572,F9,D,167397002,I,by Trust,F1,,
,TESLA MOTORS INC,0001318605,TSLA,Common Stock,2021-11-10,4,S,0,,,473,,1009.662,F10,D,167396529,I,by Trust,F1,,
,TESLA MOTORS INC,0001318605,TSLA,Common Stock,2021-11-10,4,S,0,,,5909,,1010.103,F11,D,167390620,I,by Trust,F1,,
,TESLA MOTORS INC,0001318605,TSLA,Common Stock,2021-11-10,4,S,0,,,1300,,1011.408,F12,D,167389320,I,by Trust,F1,,
,TESLA MOTORS INC,0001318605,TSLA,Common Stock,2021-11-10,4,S,0,,,703,,1012.283,F13,D,167388617,I,by Trust,F1,,
,TESLA MOTORS INC,0001318605,TSLA,Common Stock,2021-11-10,4,S,0,,,800,,1013.289,F14,D,167387817,I,by Trust,F1,,
,TESLA MOTORS INC,0001318605,TSLA,Common Stock,2021-11-10,4,S,0,,,1000,,1014.52,F15,D,167386817,I,by Trust,F1,,
,TESLA MOTORS INC,0001318605,TSLA,Common Stock,2021-11-10,4,S,0,,,1712,,1015.426,F16,D,167385105,I,by Trust,F1,,
,TESLA MOTORS INC,0001318605,TSLA,Common Stock,2021-11-10,4,S,0,,,1110,,1016.435,F17,D,167383995,I,by Trust,F1,,
,TESLA MOTORS INC,0001318605,TSLA,Common Stock,2021-11-10,4,S,0,,,900,,1017.404,F18,D,167383095,I,by Trust,F1,,
,TESLA MOTORS INC,0001318605,TSLA,Common Stock,2021-11-10,4,S,0,,,1271,,1018.558,F19,D,167381824,I,by Trust,F1,,
,TESLA MOTORS INC,0001318605,TSLA,Common Stock,2021-11-10,4,S,0,,,1458,,1019.57,F20,D,167380366,I,by Trust,F1,,
,TESLA MOTORS INC,0001318605,TSLA,Common Stock,2021-11-10,4,S,0,,,2301,,1020.426,F21,D,167378065,I,by Trust,F1,,
,TESLA MOTORS INC,0001318605,TSLA,Common Stock,2021-11-10,4,S,0,,,1400,,1021.658,F22,D,167376665,I,by Trust,F1,,
,TESLA MOTORS INC,0001318605,TSLA,Common Stock,2021-11-10,4,S,0,,,3011,,1022.546,F23,D,167373654,I,by Trust,F1,,
,TESLA MOTORS INC,0001318605,TSLA,Common Stock,2021-11-10,4,S,0,,,2533,,1023.511,F24,D,167371121,I,by Trust,F1,,
,TESLA MOTORS INC,0001318605,TSLA,Common Stock,2021-11-10,4,S,0,,,6540,,1024.62,F25,D,167364581,I,by Trust,F1,,
,TESLA MOTORS INC,0001318605,TSLA,Common Stock,2021-11-10,4,S,0,,,6860,,1025.426,F26,D,167357721,I,by Trust,F1,,
,TESLA MOTORS INC,0001318605,TSLA,Common Stock,2021-11-10,4,S,0,,,2620,,1026.508,F27,D,167355101,I,by Trust,F1,,
,TESLA MOTORS INC,0001318605,TSLA,Common Stock,2021-11-10,4,S,0,,,2749,,1027.604,F28,D,167352352,I,by Trust,F1,,
,TESLA MOTORS INC,0001318605,TSLA,Common Stock,2021-11-10,4,S,0,,,2449,,1028.577,F29,D,167349903,I,by Trust,F1,,
,TESLA MOTORS INC,0001318605,TSLA,Common Stock,2021-11-10,4,S,0,,,3066,,1029.434,F30,D,167346837,I,by Trust,F1,,
,TESLA MOTORS INC,0001318605,TSLA,Common Stock,2021-11-09,4,S,0,,,39463,,1154.813,F1,D,167776951,I,by Trust,F2,,
,TESLA MOTORS INC,0001318605,TSLA,Common Stock,2021-11-09,4,S,0,,,30577,,1156.691,F3,D,167746374,I,by Trust,F2,,
,TESLA MOTORS INC,0001318605,TSLA,Common Stock,2021-11-09,4,S,0,,,33040,,1157.514,F4,D,167713334,I,by Trust,F2,,
,TESLA MOTORS INC,0001318605,TSLA,Common Stock,2021-11-09,4,S,0,,,48412,,1158.611,F5,D,167664922,I,by Trust,F2,,
,TESLA MOTORS INC,0001318605,TSLA,Common Stock,2021-11-09,4,S,0,,,16137,,1159.593,F6,D,167648785,I,by Trust,F2,,
,TESLA MOTORS INC,0001318605,TSLA,Common Stock,2021-11-09,4,S,0,,,37569,,1160.503,F7,D,167611216,I,by Trust,F2,,
,TESLA MOTORS INC,0001318605,TSLA,Common Stock,2021-11-09,4,S,0,,,10,,1161.47,,D,167611206,I,by Trust,F2,,
,TESLA MOTORS INC,0001318605,TSLA,Common Stock,2021-11-09,4,S,0,,,49952,,1163.62,F8,D,167561254,I,by Trust,F2,,
,TESLA MOTORS INC,0001318605,TSLA,Common Stock,2021-11-09,4,S,0,,,34448,,1164.817,F9,D,167526806,I,by Trust,F2,,
,TESLA MOTORS INC,0001318605,TSLA,Common Stock,2021-11-09,4,S,0,,,5593,,1165.465,F10,D,167521213,I,by Trust,F2,,
,TESLA MOTORS INC,0001318605,TSLA,Common Stock,2021-11-09,4,S,0,,,10707,,1167.268,F11,D,167510506,I,by Trust,F2,,
,TESLA MOTORS INC,0001318605,TSLA,Common Stock,2021-11-09,4,S,0,,,31446,,1168.06,F12,D,167479060,I,by Trust,F2,,
,TESLA MOTORS INC,0001318605,TSLA,Common Stock,2021-11-09,4,S,0,,,10843,,1168.873,F13,D,167468217,I,by Trust,F2,,
,TESLA MOTORS INC,0001318605,TSLA,Common Stock,2021-11-09,4,S,0,,,5276,,1169.687,F14,D,167462941,I,by Trust,F2,,
,TESLA MOTORS INC,0001318605,TSLA,Common Stock,2021-11-09,4,S,0,,,8665,,1171.265,F15,D,167454276,I,by Trust,F2,,
,TESLA MOTORS INC,0001318605,TSLA,Common Stock,2021-11-09,4,S,0,,,953,,1172.889,F16,D,167453323,I,by Trust,F2,,
,TESLA MOTORS INC,0001318605,TSLA,Common Stock,2021-11-09,4,S,0,,,48385,,1173.223,F17,D,167404938,I,by Trust,F2,,
,TESLA MOTORS INC,0001318605,TSLA,Common Stock,2021-11-09,4,S,0,,,8212,,1116.417,F1,D,168336889,I,by Trust,F2,,
,TESLA MOTORS INC,0001318605,TSLA,Common Stock,2021-11-09,4,S,0,,,2298,,1117.552,F3,D,168334591,I,by Trust,F2,,
,TESLA MOTORS INC,0001318605,TSLA,Common Stock,2021-11-09,4,S,0,,,6437,,1120.641,F4,D,168328154,I,by Trust,F2,,
,TESLA MOTORS INC,0001318605,TSLA,Common Stock,2021-11-09,4,S,0,,,1500,,1121.959,F5,D,168326654,I,by Trust,F2,,
,TESLA MOTORS INC,0001318605,TSLA,Common Stock,2021-11-09,4,S,0,,,35519,,1123.00,F6,D,168291135,I,by Trust,F2,,
,TESLA MOTORS INC,0001318605,TSLA,Common Stock,2021-11-09,4,S,0,,,19495,,1124.314,F7,D,168271640,I,by Trust,F2,,
,TESLA MOTORS INC,0001318605,TSLA,Common Stock,2021-11-09,4,S,0,,,24523,,1125.088,F8,D,168247117,I,by Trust,F2,,
,TESLA MOTORS INC,0001318605,TSLA,Common Stock,2021-11-09,4,S,0,,,29721,,1126.405,F9,D,168217396,I,by Trust,F2,,
,TESLA MOTORS INC,0001318605,TSLA,Common Stock,2021-11-09,4,S,0,,,27010,,1127.154,F10,D,168190386,I,by Trust,F2,,
,TESLA MOTORS INC,0001318605,TSLA,Common Stock,2021-11-09,4,S,0,,,23825,,1128.056,F11,D,168166561,I,by Trust,F2,,
,TESLA MOTORS INC,0001318605,TSLA,Common Stock,2021-11-09,4,S,0,,,5796,,1129.404,F12,D,168160765,I,by Trust,F2,,
,TESLA MOTORS INC,0001318605,TSLA,Common Stock,2021-11-09,4,S,0,,,100,,1129.88,,D,168160665,I,by Trust,F2,,
,TESLA MOTORS INC,0001318605,TSLA,Common Stock,2021-11-09,4,S,0,,,8121,,1130.384,F13,D,168152544,I,by Trust,F2,,
,TESLA MOTORS INC,0001318605,TSLA,Common Stock,2021-11-09,4,S,0,,,13876,,1131.448,F14,D,168138668,I,by Trust,F2,,
,TESLA MOTORS INC,0001318605,TSLA,Common Stock,2021-11-09,4,S,0,,,2513,,1132.877,F15,D,168136155,I,by Trust,F2,,
,TESLA MOTORS INC,0001318605,TSLA,Common Stock,2021-11-09,4,S,0,,,12237,,1135.445,F16,D,168123918,I,by Trust,F2,,
,TESLA MOTORS INC,0001318605,TSLA,Common Stock,2021-11-09,4,S,0,,,16600,,1136.375,F17,D,168107318,I,by Trust,F2,,
,TESLA MOTORS INC,0001318605,TSLA,Common Stock,2021-11-09,4,S,0,,,16175,,1138.125,F18,D,168091143,I,by Trust,F2,,
,TESLA MOTORS INC,0001318605,TSLA,Common Stock,2021-11-09,4,S,0,,,13824,,1140.518,F19,D,168077319,I,by Trust,F2,,
,TESLA MOTORS INC,0001318605,TSLA,Common Stock,2021-11-09,4,S,0,,,24891,,1141.021,F20,D,168052428,I,by Trust,F2,,
,TESLA MOTORS INC,0001318605,TSLA,Common Stock,2021-11-09,4,S,0,,,2342,,1142.162,F21,D,168050086,I,by Trust,F2,,
,TESLA MOTORS INC,0001318605,TSLA,Common Stock,2021-11-09,4,S,0,,,1199,,1143.46,,D,168048887,I,by Trust,F2,,
,TESLA MOTORS INC,0001318605,TSLA,Common Stock,2021-11-09,4,S,0,,,7120,,1145.333,F22,D,168041767,I,by Trust,F2,,
,TESLA MOTORS INC,0001318605,TSLA,Common Stock,2021-11-09,4,S,0,,,50689,,1147.541,F23,D,167991078,I,by Trust,F2,,
,TESLA MOTORS INC,0001318605,TSLA,Common Stock,2021-11-09,4,S,0,,,14670,,1148.386,F24,D,167976408,I,by Trust,F2,,
,TESLA MOTORS INC,0001318605,TSLA,Common Stock,2021-11-09,4,S,0,,,54455,,1149.45,F25,D,167921953,I,by Trust,F2,,
,TESLA MOTORS INC,0001318605,TSLA,Common Stock,2021-11-09,4,S,0,,,44756,,1150.502,F26,D,167877197,I,by Trust,F2,,
,TESLA MOTORS INC,0001318605,TSLA,Common Stock,2021-11-09,4,S,0,,,21758,,1151.469,F27,D,167855439,I,by Trust,F2,,
,TESLA MOTORS INC,0001318605,TSLA,Common Stock,2021-11-09,4,S,0,,,32830,,1152.534,F28,D,167822609,I,by Trust,F2,,
,TESLA MOTORS INC,0001318605,TSLA,Common Stock,2021-11-09,4,S,0,,,6195,,1153.336,F29,D,167816414,I,by Trust,F2,,
,TESLA MOTORS INC,0001318605,TSLA,Common Stock,2021-11-09,4,S,0,,,80319,,1073.04,F1,D,168878098,I,by Trust,F2,,
,TESLA MOTORS INC,0001318605,TSLA,Common Stock,2021-11-09,4,S,0,,,44284,,1074.367,F3,D,168833814,I,by Trust,F2,,
,TESLA MOTORS INC,0001318605,TSLA,Common Stock,2021-11-09,4,S,0,,,30418,,1075.027,F4,D,168803396,I,by Trust,F2,,
,TESLA MOTORS INC,0001318605,TSLA,Common Stock,2021-11-09,4,S,0,,,11022,,1076.286,F5,D,168792374,I,by Trust,F2,,
,TESLA MOTORS INC,0001318605,TSLA,Common Stock,2021-11-09,4,S,0,,,49381,,1077.188,F6,D,168742993,I,by Trust,F2,,
,TESLA MOTORS INC,0001318605,TSLA,Common Stock,2021-11-09,4,S,0,,,25498,,1077.984,F7,D,168717495,I,by Trust,F2,,
,TESLA MOTORS INC,0001318605,TSLA,Common Stock,2021-11-09,4,S,0,,,10304,,1079.059,F8,D,168707191,I,by Trust,F2,,
,TESLA MOTORS INC,0001318605,TSLA,Common Stock,2021-11-09,4,S,0,,,5300,,1080.00,,D,168701891,I,by Trust,F2,,
,TESLA MOTORS INC,0001318605,TSLA,Common Stock,2021-11-09,4,S,0,,,5541,,1081.276,F9,D,168696350,I,by Trust,F2,,
,TESLA MOTORS INC,0001318605,TSLA,Common Stock,2021-11-09,4,S,0,,,2369,,1082.045,F10,D,168693981,I,by Trust,F2,,
,TESLA MOTORS INC,0001318605,TSLA,Common Stock,2021-11-09,4,S,0,,,710,,1083.253,F11,D,168693271,I,by Trust,F2,,
,TESLA MOTORS INC,0001318605,TSLA,Common Stock,2021-11-09,4,S,0,,,6148,,1084.666,F12,D,168687123,I,by Trust,F2,,
,TESLA MOTORS INC,0001318605,TSLA,Common Stock,2021-11-09,4,S,0,,,11389,,1087.847,F13,D,168675734,I,by Trust,F2,,
,TESLA MOTORS INC,0001318605,TSLA,Common Stock,2021-11-09,4,S,0,,,2500,,1091.473,F14,D,168673234,I,by Trust,F2,,
,TESLA MOTORS INC,0001318605,TSLA,Common Stock,2021-11-09,4,S,0,,,58428,,1092.962,F15,D,168614806,I,by Trust,F2,,
,TESLA MOTORS INC,0001318605,TSLA,Common Stock,2021-11-09,4,S,0,,,5300,,1096.49,,D,168609506,I,by Trust,F2,,
,TESLA MOTORS INC,0001318605,TSLA,Common Stock,2021-11-09,4,S,0,,,16191,,1100.532,F16,D,168593315,I,by Trust,F2,,
,TESLA MOTORS INC,0001318605,TSLA,Common Stock,2021-11-09,4,S,0,,,6443,,1101.412,F17,D,168586872,I,by Trust,F2,,
,TESLA MOTORS INC,0001318605,TSLA,Common Stock,2021-11-09,4,S,0,,,18122,,1102.167,F18,D,168568750,I,by Trust,F2,,
,TESLA MOTORS INC,0001318605,TSLA,Common Stock,2021-11-09,4,S,0,,,1738,,1103.45,F19,D,168567012,I,by Trust,F2,,
,TESLA MOTORS INC,0001318605,TSLA,Common Stock,2021-11-09,4,S,0,,,16110,,1104.732,F20,D,168550902,I,by Trust,F2,,
,TESLA MOTORS INC,0001318605,TSLA,Common Stock,2021-11-09,4,S,0,,,21358,,1105.914,F21,D,168529544,I,by Trust,F2,,
,TESLA MOTORS INC,0001318605,TSLA,Common Stock,2021-11-09,4,S,0,,,24240,,1106.824,F22,D,168505304,I,by Trust,F2,,
,TESLA MOTORS INC,0001318605,TSLA,Common Stock,2021-11-09,4,S,0,,,19551,,1108.091,F23,D,168485753,I,by Trust,F2,,
,TESLA MOTORS INC,0001318605,TSLA,Common Stock,2021-11-09,4,S,0,,,31461,,1110.234,F24,D,168454292,I,by Trust,F2,,
,TESLA MOTORS INC,0001318605,TSLA,Common Stock,2021-11-09,4,S,0,,,21188,,1111.072,F25,D,168433104,I,by Trust,F2,,
,TESLA MOTORS INC,0001318605,TSLA,Common Stock,2021-11-09,4,S,0,,,24150,,1112.126,F26,D,168408954,I,by Trust,F2,,
,TESLA MOTORS INC,0001318605,TSLA,Common Stock,2021-11-09,4,S,0,,,34251,,1113.294,F27,D,168374703,I,by Trust,F2,,
,TESLA MOTORS INC,0001318605,TSLA,Common Stock,2021-11-09,4,S,0,,,13323,,1114.108,F28,D,168361380,I,by Trust,F2,,
,TESLA MOTORS INC,0001318605,TSLA,Common Stock,2021-11-09,4,S,0,,,16279,,1115.034,F29,D,168345101,I,by Trust,F2,,
,TESLA MOTORS INC,0001318605,TSLA,Common Stock,2021-11-09,4,S,0,,,22488,,1042.544,F1,D,169888140,I,by Trust,F2,,
,TESLA MOTORS INC,0001318605,TSLA,Common Stock,2021-11-09,4,S,0,,,38104,,1043.379,F3,D,169850036,I,by Trust,F2,,
,TESLA MOTORS INC,0001318605,TSLA,Common Stock,2021-11-09,4,S,0,,,16144,,1044.486,F4,D,169833892,I,by Trust,F2,,
,TESLA MOTORS INC,0001318605,TSLA,Common Stock,2021-11-09,4,S,0,,,51495,,1045.387,F5,D,169782397,I,by Trust,F2,,
,TESLA MOTORS INC,0001318605,TSLA,Common Stock,2021-11-09,4,S,0,,,24880,,1046.477,F6,D,169757517,I,by Trust,F2,,
,TESLA MOTORS INC,0001318605,TSLA,Common Stock,2021-11-09,4,S,0,,,68892,,1047.613,F7,D,169688625,I,by Trust,F2,,
,TESLA MOTORS INC,0001318605,TSLA,Common Stock,2021-11-09,4,S,0,,,12538,,1048.523,F8,D,169676087,I,by Trust,F2,,
,TESLA MOTORS INC,0001318605,TSLA,Common Stock,2021-11-09,4,S,0,,,23125,,1049.525,F9,D,169652962,I,by Trust,F2,,
,TESLA MOTORS INC,0001318605,TSLA,Common Stock,2021-11-09,4,S,0,,,65339,,1050.284,F10,D,169587623,I,by Trust,F2,,
,TESLA MOTORS INC,0001318605,TSLA,Common Stock,2021-11-09,4,S,0,,,47553,,1051.424,F11,D,169540070,I,by Trust,F2,,
,TESLA MOTORS INC,0001318605,TSLA,Common Stock,2021-11-09,4,S,0,,,38295,,1052.61,F12,D,169501775,I,by Trust,F2,,
,TESLA MOTORS INC,0001318605,TSLA,Common Stock,2021-11-09,4,S,0,,,50707,,1053.436,F13,D,169451068,I,by Trust,F2,,
,TESLA MOTORS INC,0001318605,TSLA,Common Stock,2021-11-09,4,S,0,,,45060,,1054.421,F14,D,169406008,I,by Trust,F2,,
,TESLA MOTORS INC,0001318605,TSLA,Common Stock,2021-11-09,4,S,0,,,47448,,1055.475,F15,D,169358560,I,by Trust,F2,,
,TESLA MOTORS INC,0001318605,TSLA,Common Stock,2021-11-09,4,S,0,,,27253,,1056.354,F16,D,169331307,I,by Trust,F2,,
,TESLA MOTORS INC,0001318605,TSLA,Common Stock,2021-11-09,4,S,0,,,51600,,1057.412,F17,D,169279707,I,by Trust,F2,,
,TESLA MOTORS INC,0001318605,TSLA,Common Stock,2021-11-09,4,S,0,,,24840,,1058.347,F18,D,169254867,I,by Trust,F2,,
,TESLA MOTORS INC,0001318605,TSLA,Common Stock,2021-11-09,4,S,0,,,53080,,1059.421,F19,D,169201787,I,by Trust,F2,,
,TESLA MOTORS INC,0001318605,TSLA,Common Stock,2021-11-09,4,S,0,,,15399,,1060.328,F20,D,169186388,I,by Trust,F2,,
,TESLA MOTORS INC,0001318605,TSLA,Common Stock,2021-11-09,4,S,0,,,10595,,1062.048,F21,D,169175793,I,by Trust,F2,,
,TESLA MOTORS INC,0001318605,TSLA,Common Stock,2021-11-09,4,S,0,,,30225,,1062.898,F22,D,169145568,I,by Trust,F2,,
,TESLA MOTORS INC,0001318605,TSLA,Common Stock,2021-11-09,4,S,0,,,15010,,1064.035,F23,D,169130558,I,by Trust,F2,,
,TESLA MOTORS INC,0001318605,TSLA,Common Stock,2021-11-09,4,S,0,,,26031,,1065.01,F24,D,169104527,I,by Trust,F2,,
,TESLA MOTORS INC,0001318605,TSLA,Common Stock,2021-11-09,4,S,0,,,13227,,1065.867,F25,D,169091300,I,by Trust,F2,,
,TESLA MOTORS INC,0001318605,TSLA,Common Stock,2021-11-09,4,S,0,,,34108,,1066.909,F26,D,169057192,I,by Trust,F2,,
,TESLA MOTORS INC,0001318605,TSLA,Common Stock,2021-11-09,4,S,0,,,4139,,1068.063,F27,D,169053053,I,by Trust,F2,,
,TESLA MOTORS INC,0001318605,TSLA,Common Stock,2021-11-09,4,S,0,,,24422,,1069.075,F28,D,169028631,I,by Trust,F2,,
,TESLA MOTORS INC,0001318605,TSLA,Common Stock,2021-11-09,4,S,0,,,22166,,1070.055,F29,D,169006465,I,by Trust,F2,,
,TESLA MOTORS INC,0001318605,TSLA,Common Stock,2021-11-09,4,S,0,,,14251,,1070.987,F30,D,168992214,I,by Trust,F2,,
,TESLA MOTORS INC,0001318605,TSLA,Common Stock,2021-11-09,4,S,0,,,33797,,1072.287,F31,D,168958417,I,by Trust,F2,,
,TESLA MOTORS INC,0001318605,TSLA,Common Stock,2021-11-09,4,S,0,,,7837,,1012.328,F1,D,170485148,I,by Trust,F2,,
,TESLA MOTORS INC,0001318605,TSLA,Common Stock,2021-11-09,4,S,0,,,12663,,1013.269,F3,D,170472485,I,by Trust,F2,,
,TESLA MOTORS INC,0001318605,TSLA,Common Stock,2021-11-09,4,S,0,,,6121,,1014.423,F4,D,170466364,I,by Trust,F2,,
,TESLA MOTORS INC,0001318605,TSLA,Common Stock,2021-11-09,4,S,0,,,10902,,1015.452,F5,D,170455462,I,by Trust,F2,,
,TESLA MOTORS INC,0001318605,TSLA,Common Stock,2021-11-09,4,S,0,,,1500,,1016.366,F6,D,170453962,I,by Trust,F2,,
,TESLA MOTORS INC,0001318605,TSLA,Common Stock,2021-11-09,4,S,0,,,15135,,1017.597,F7,D,170438827,I,by Trust,F2,,
,TESLA MOTORS INC,0001318605,TSLA,Common Stock,2021-11-09,4,S,0,,,16695,,1018.323,F8,D,170422132,I,by Trust,F2,,
,TESLA MOTORS INC,0001318605,TSLA,Common Stock,2021-11-09,4,S,0,,,24452,,1019.565,F9,D,170397680,I,by Trust,F2,,
,TESLA MOTORS INC,0001318605,TSLA,Common Stock,2021-11-09,4,S,0,,,36637,,1020.481,F10,D,170361043,I,by Trust,F2,,
,TESLA MOTORS INC,0001318605,TSLA,Common Stock,2021-11-09,4,S,0,,,20992,,1021.47,F11,D,170340051,I,by Trust,F2,,
,TESLA MOTORS INC,0001318605,TSLA,Common Stock,2021-11-09,4,S,0,,,29699,,1022.529,F12,D,170310352,I,by Trust,F2,,
,TESLA MOTORS INC,0001318605,TSLA,Common Stock,2021-11-09,4,S,0,,,86719,,1023.51,F13,D,170223633,I,by Trust,F2,,
,TESLA MOTORS INC,0001318605,TSLA,Common Stock,2021-11-09,4,S,0,,,19706,,1024.554,F14,D,170203927,I,by Trust,F2,,
,TESLA MOTORS INC,0001318605,TSLA,Common Stock,2021-11-09,4,S,0,,,15730,,1025.396,F15,D,170188197,I,by Trust,F2,,
,TESLA MOTORS INC,0001318605,TSLA,Common Stock,2021-11-09,4,S,0,,,7413,,1026.329,F16,D,170180784,I,by Trust,F2,,
,TESLA MOTORS INC,0001318605,TSLA,Common Stock,2021-11-09,4,S,0,,,11539,,1027.483,F17,D,170169245,I,by Trust,F2,,
,TESLA MOTORS INC,0001318605,TSLA,Common Stock,2021-11-09,4,S,0,,,10539,,1028.558,F18,D,170158706,I,by Trust,F2,,
,TESLA MOTORS INC,0001318605,TSLA,Common Stock,2021-11-09,4,S,0,,,10008,,1029.658,F19,D,170148698,I,by Trust,F2,,
,TESLA MOTORS INC,0001318605,TSLA,Common Stock,2021-11-09,4,S,0,,,36872,,1030.548,F20,D,170111826,I,by Trust,F2,,
,TESLA MOTORS INC,0001318605,TSLA,Common Stock,2021-11-09,4,S,0,,,23662,,1031.658,F21,D,170088164,I,by Trust,F2,,
,TESLA MOTORS INC,0001318605,TSLA,Common Stock,2021-11-09,4,S,0,,,23135,,1032.496,F22,D,170065029,I,by Trust,F2,,
,TESLA MOTORS INC,0001318605,TSLA,Common Stock,2021-11-09,4,S,0,,,12240,,1033.50,F23,D,170052789,I,by Trust,F2,,
,TESLA MOTORS INC,0001318605,TSLA,Common Stock,2021-11-09,4,S,0,,,8141,,1034.283,F24,D,170044648,I,by Trust,F2,,
,TESLA MOTORS INC,0001318605,TSLA,Common Stock,2021-11-09,4,S,0,,,17056,,1035.671,F25,D,170027592,I,by Trust,F2,,
,TESLA MOTORS INC,0001318605,TSLA,Common Stock,2021-11-09,4,S,0,,,14259,,1036.50,F26,D,170013333,I,by Trust,F2,,
,TESLA MOTORS INC,0001318605,TSLA,Common Stock,2021-11-09,4,S,0,,,17511,,1037.661,F27,D,169995822,I,by Trust,F2,,
,TESLA MOTORS INC,0001318605,TSLA,Common Stock,2021-11-09,4,S,0,,,19622,,1038.469,F28,D,169976200,I,by Trust,F2,,
,TESLA MOTORS INC,0001318605,TSLA,Common Stock,2021-11-09,4,S,0,,,21165,,1039.447,F29,D,169955035,I,by Trust,F2,,
,TESLA MOTORS INC,0001318605,TSLA,Common Stock,2021-11-09,4,S,0,,,31951,,1040.337,F30,D,169923084,I,by Trust,F2,,
,TESLA MOTORS INC,0001318605,TSLA,Common Stock,2021-11-09,4,S,0,,,12456,,1041.636,F31,D,169910628,I,by Trust,F2,,
,TESLA MOTORS INC,0001318605,TSLA,Common Stock,2021-11-08,4,S,0,F1,,8202,F2,1176.585,F3,D,1889091,D,,,,
,TESLA MOTORS INC,0001318605,TSLA,Common Stock,2021-11-08,4,S,0,F1,,7049,F2,1177.721,F4,D,1882042,D,,,,
,TESLA MOTORS INC,0001318605,TSLA,Common Stock,2021-11-08,4,S,0,F1,,2300,F2,1178.392,F5,D,1879742,D,,,,
,TESLA MOTORS INC,0001318605,TSLA,Common Stock,2021-11-08,4,S,0,F1,,10685,F2,1179.744,F6,D,1869057,D,,,,
,TESLA MOTORS INC,0001318605,TSLA,Common Stock,2021-11-08,4,S,0,F1,,33171,F2,1180.811,F7,D,1835886,D,,,,
,TESLA MOTORS INC,0001318605,TSLA,Common Stock,2021-11-08,4,S,0,F1,,43643,F2,1181.636,F8,D,1792243,D,,,,
,TESLA MOTORS INC,0001318605,TSLA,Common Stock,2021-11-08,4,S,0,F1,,42615,F2,1182.718,F9,D,1749628,D,,,,
,TESLA MOTORS INC,0001318605,TSLA,Common Stock,2021-11-08,4,S,0,F1,,78191,F2,1183.754,F10,D,1671437,D,,,,
,TESLA MOTORS INC,0001318605,TSLA,Common Stock,2021-11-08,4,S,0,F1,,72241,F2,1184.681,F11,D,1599196,D,,,,
,TESLA MOTORS INC,0001318605,TSLA,Common Stock,2021-11-08,4,S,0,F1,,58512,F2,1185.791,F12,D,1540684,D,,,,
,TESLA MOTORS INC,0001318605,TSLA,Common Stock,2021-11-08,4,S,0,F1,,101589,F2,1186.779,F13,D,1439095,D,,,,
,TESLA MOTORS INC,0001318605,TSLA,Common Stock,2021-11-08,4,S,0,F1,,56428,F2,1187.654,F14,D,1382667,D,,,,
,TESLA MOTORS INC,0001318605,TSLA,Common Stock,2021-11-08,4,S,0,F1,,51192,F2,1188.733,F15,D,1331475,D,,,,
,TESLA MOTORS INC,0001318605,TSLA,Common Stock,2021-11-08,4,S,0,F1,,37430,F2,1189.82,F16,D,1294045,D,,,,
,TESLA MOTORS INC,0001318605,TSLA,Common Stock,2021-11-08,4,S,0,F1,,20199,F2,1190.708,F17,D,1273846,D,,,,
,TESLA MOTORS INC,0001318605,TSLA,Common Stock,2021-11-08,4,S,0,F1,,14531,F2,1191.622,F18,D,1259315,D,,,,
,TESLA MOTORS INC,0001318605,TSLA,Common Stock,2021-11-08,4,S,0,F1,,15745,F2,1192.766,F19,D,1243570,D,,,,
,TESLA MOTORS INC,0001318605,TSLA,Common Stock,2021-11-08,4,S,0,F1,,13474,F2,1193.782,F20,D,1230096,D,,,,
,TESLA MOTORS INC,0001318605,TSLA,Common Stock,2021-11-08,4,S,0,F1,,6415,F2,1194.606,F21,D,1223681,D,,,,
,TESLA MOTORS INC,0001318605,TSLA,Common Stock,2021-11-08,4,S,0,F1,,3200,F2,1196.236,F22,D,1220481,D,,,,
,TESLA MOTORS INC,0001318605,TSLA,Common Stock,2021-11-08,4,M,0,F1,,2154572,,6.24,,A,2154572,D,,,,
,TESLA MOTORS INC,0001318605,TSLA,Common Stock,2021-11-08,4,S,0,F1,,1100,F2,1135.05,,D,2153472,D,,,,
,TESLA MOTORS INC,0001318605,TSLA,Common Stock,2021-11-08,4,S,0,F1,,600,F2,1138.00,,D,2152872,D,,,,
,TESLA MOTORS INC,0001318605,TSLA,Common Stock,2021-11-08,4,S,0,F1,,2300,F2,1139.487,F3,D,2150572,D,,,,
,TESLA MOTORS INC,0001318605,TSLA,Common Stock,2021-11-08,4,S,0,F1,,6400,F2,1141.05,,D,2144172,D,,,,
,TESLA MOTORS INC,0001318605,TSLA,Common Stock,2021-11-08,4,S,0,F1,,400,F2,1142.05,,D,2143772,D,,,,
,TESLA MOTORS INC,0001318605,TSLA,Common Stock,2021-11-08,4,S,0,F1,,1300,F2,1143.559,F4,D,2142472,D,,,,
,TESLA MOTORS INC,0001318605,TSLA,Common Stock,2021-11-08,4,S,0,F1,,3300,F2,1146.123,F5,D,2139172,D,,,,
,TESLA MOTORS INC,0001318605,TSLA,Common Stock,2021-11-08,4,S,0,F1,,1900,F2,1147.995,F6,D,2137272,D,,,,
,TESLA MOTORS INC,0001318605,TSLA,Common Stock,2021-11-08,4,S,0,F1,,7500,F2,1149.327,F7,D,2129772,D,,,,
,TESLA MOTORS INC,0001318605,TSLA,Common Stock,2021-11-08,4,S,0,F1,,800,F2,1152.05,,D,2128972,D,,,,
,TESLA MOTORS INC,0001318605,TSLA,Common Stock,2021-11-08,4,S,0,F1,,2049,F2,1153.38,F8,D,2126923,D,,,,
,TESLA MOTORS INC,0001318605,TSLA,Common Stock,2021-11-08,4,S,0,F1,,1700,F2,1155.276,F9,D,2125223,D,,,,
,TESLA MOTORS INC,0001318605,TSLA,Common Stock,2021-11-08,4,S,0,F1,,600,F2,1156.55,,D,2124623,D,,,,
,TESLA MOTORS INC,0001318605,TSLA,Common Stock,2021-11-08,4,S,0,F1,,6100,F2,1158.192,F10,D,2118523,D,,,,
,TESLA MOTORS INC,0001318605,TSLA,Common Stock,2021-11-08,4,S,0,F1,,7254,F2,1160.638,F11,D,2111269,D,,,,
,TESLA MOTORS INC,0001318605,TSLA,Common Stock,2021-11-08,4,S,0,F1,,10316,F2,1161.54,F12,D,2100953,D,,,,
,TESLA MOTORS INC,0001318605,TSLA,Common Stock,2021-11-08,4,S,0,F1,,5100,F2,1162.867,F13,D,2095853,D,,,,
,TESLA MOTORS INC,0001318605,TSLA,Common Stock,2021-11-08,4,S,0,F1,,24718,F2,1163.655,F14,D,2071135,D,,,,
,TESLA MOTORS INC,0001318605,TSLA,Common Stock,2021-11-08,4,S,0,F1,,18753,F2,1164.836,F15,D,2052382,D,,,,
,TESLA MOTORS INC,0001318605,TSLA,Common Stock,2021-11-08,4,S,0,F1,,21383,F2,1165.92,F16,D,2030999,D,,,,
,TESLA MOTORS INC,0001318605,TSLA,Common Stock,2021-11-08,4,S,0,F1,,25710,F2,1166.983,F17,D,2005289,D,,,,
,TESLA MOTORS INC,0001318605,TSLA,Common Stock,2021-11-08,4,S,0,F1,,19428,F2,1167.997,F18,D,1985861,D,,,,
,TESLA MOTORS INC,0001318605,TSLA,Common Stock,2021-11-08,4,S,0,F1,,22061,F2,1169.154,F19,D,1963800,D,,,,
,TESLA MOTORS INC,0001318605,TSLA,Common Stock,2021-11-08,4,S,0,F1,,19600,F2,1170.486,F20,D,1944200,D,,,,
,TESLA MOTORS INC,0001318605,TSLA,Common Stock,2021-11-08,4,S,0,F1,,13786,F2,1171.637,F21,D,1930414,D,,,,
,TESLA MOTORS INC,0001318605,TSLA,Common Stock,2021-11-08,4,S,0,F1,,11540,F2,1172.526,F22,D,1918874,D,,,,
,TESLA MOTORS INC,0001318605,TSLA,Common Stock,2021-11-08,4,S,0,F1,,10002,F2,1173.558,F23,D,1908872,D,,,,
,TESLA MOTORS INC,0001318605,TSLA,Common Stock,2021-11-08,4,S,0,F1,,5559,F2,1174.611,F24,D,1903313,D,,,,
,TESLA MOTORS INC,0001318605,TSLA,Common Stock,2021-11-08,4,S,0,F1,,6020,F2,1175.654,F25,D,1897293,D,,,,
,TESLA MOTORS INC,0001318605,TSLA,Common Stock,2020-02-14,4,P,0,F1,,13037,,767.0,,A,34098597,I,by Trust,F1,,
,TESLA MOTORS INC,0001318605,TSLA,Common Stock,2019-12-16,4,G,0,F1,,17000,,0.0,,D,34085560,I,by Trust,F2,,
,TESLA MOTORS INC,0001318605,TSLA,Common Stock,2019-05-20,4,M,0,F1,,175000,,31.17,,A,34102560,I,by Trust,F2,,
,TESLA MOTORS INC,0001318605,TSLA,Common Stock,2019-05-02,4,P,0,F1,,102880,,243.0,,A,33927560,I,by Trust,,,
,TESLA MOTORS INC,0001318605,TSLA,Common Stock,2018-11-09,4,A,0,F1,,56915,,351.4,,A,33824680,I,by Trust,F2,,
,TESLA MOTORS INC,0001318605,TSLA,Common Stock,2018-10-29,4,P,0,F1,,9439,,334.24,F2,A,33747360,I,by Trust,F3,,
,TESLA MOTORS INC,0001318605,TSLA,Common Stock,2018-10-29,4,P,0,F1,,19105,,335.287,F4,A,33766465,I,by Trust,F3,,
,TESLA MOTORS INC,0001318605,TSLA,Common Stock,2018-10-29,4,P,0,F1,,1300,,335.932,F5,A,33767765,I,by Trust,F3,,
,TESLA MOTORS INC,0001318605,TSLA,Common Stock,2018-06-12,4,P,0,,,37023,,342.775,F1,A,33702444,I,by Trust,,,
,TESLA MOTORS INC,0001318605,TSLA,Common Stock,2018-06-12,4,P,0,,,14509,,343.855,F2,A,33716953,I,by Trust,,,
,TESLA MOTORS INC,0001318605,TSLA,Common Stock,2018-06-12,4,P,0,,,3468,,344.829,F3,A,33720421,I,by Trust,,,
,TESLA MOTORS INC,0001318605,TSLA,Common Stock,2018-06-13,4,P,0,,,2297,,342.782,F4,A,33722718,I,by Trust,,,
,TESLA MOTORS INC,0001318605,TSLA,Common Stock,2018-06-13,4,P,0,,,2431,,343.791,F5,A,33725149,I,by Trust,,,
,TESLA MOTORS INC,0001318605,TSLA,Common Stock,2018-06-13,4,P,0,,,2114,,344.957,F6,A,33727263,I,by Trust,,,
,TESLA MOTORS INC,0001318605,TSLA,Common Stock,2018-06-13,4,P,0,,,6032,,346.637,F7,A,33733295,I,by Trust,,,
,TESLA MOTORS INC,0001318605,TSLA,Common Stock,2018-06-13,4,P,0,,,4626,,347.001,F8,A,33737921,I,by Trust,,,
,TESLA MOTORS INC,0001318605,TSLA,Common Stock,2018-05-07,4,P,0,,,5903,,295.028,F1,A,33638324,I,by Trust,,,
,TESLA MOTORS INC,0001318605,TSLA,Common Stock,2018-05-07,4,P,0,,,4845,,296.311,F2,A,33643169,I,by Trust,,,
,TESLA MOTORS INC,0001318605,TSLA,Common Stock,2018-05-07,4,P,0,,,3508,,297.151,F3,A,33646677,I,by Trust,,,
,TESLA MOTORS INC,0001318605,TSLA,Common Stock,2018-05-07,4,P,0,,,4514,,298.01,F4,A,33651191,I,by Trust,,,
,TESLA MOTORS INC,0001318605,TSLA,Common Stock,2018-05-07,4,P,0,,,739,,299.252,F5,A,33651930,I,by Trust,,,
,TESLA MOTORS INC,0001318605,TSLA,Common Stock,2018-05-07,4,P,0,,,4358,,300.012,F6,A,33656288,I,by Trust,,,
,TESLA MOTORS INC,0001318605,TSLA,Common Stock,2018-05-07,4,P,0,,,3000,,301.376,F7,A,33659288,I,by Trust,,,
,TESLA MOTORS INC,0001318605,TSLA,Common Stock,2018-05-07,4,P,0,,,6133,,302.133,F8,A,33665421,I,by Trust,,,
,TESLA MOTORS INC,0001318605,TSLA,Common Stock,2017-04-21,4,C,0,,,33333,F1,300.0,F1,A,33632421,I,by Trust,,,
,TESLA MOTORS INC,0001318605,TSLA,Common Stock,2017-03-17,4,P,0,F1,,95420,,262.0,,A,33599088,I,by Trust,,,
,TESLA MOTORS INC,0001318605,TSLA,Common Stock,2016-11-21,4,A,0,F1,,2403024,F2,0.0,,A,33503668,I,by Trust,F3,,
,TESLA MOTORS INC,0001318605,TSLA,Common Stock,2016-11-21,4,D,0,,,21845674,,,F1,D,0,I,By Trust,,,2016-11-21
,TESLA MOTORS INC,0001318605,TSLA,Common Stock,2016-05-25,4,S,0,F1,,2782670.0,,213.22,F1,D,31100644,I,by Trust,F2,,
,TESLA MOTORS INC,0001318605,TSLA,Common Stock,2016-05-19,4,M,0,F1,,2147986.0,,6.63,,A,31727328,I,by Trust,F2,F2,
,TESLA MOTORS INC,0001318605,TSLA,Common Stock,2016-05-19,4,M,0,F1,,3355986.0,,6.63,,A,35083314,I,by Trust,F2,F2,
,TESLA MOTORS INC,0001318605,TSLA,Common Stock,2016-05-19,4,G,0,F3,,1200000.0,,0.0,,D,33883314,I,by Trust,F2,F2,
,TESLA MOTORS INC,0001318605,TSLA,Common Stock,2016-02-12,4,P,0,,,569680,,17.5559,F1,A,21845674,I,By Trust,F2,,2016-02-12
,TESLA MOTORS INC,0001318605,TSLA,Common Stock,2016-02-08,4,M,0,F1,,676000.0,,6.63,,A,29579342,I,by Trust,F2,,
,TESLA MOTORS INC,0001318605,TSLA,Common Stock,2016-01-27,4,M,0,F1,,532000.0,,6.63,,A,28903342,I,by Trust,F2,,
,TESLA MOTORS INC,0001318605,TSLA,Common Stock,2016-01-04,4,J,0,F1,,51,,0,,A,21275994,I,By Trust,F2,,2016-01-04
,TESLA MOTORS INC,0001318605,TSLA,Common Stock,2015-12-21,5,G,0,F1,,35000,,0,,D,21275943,I,By Trust,F2,,2015-12-21
,TESLA MOTORS INC,0001318605,TSLA,Common Stock,2015-12-14,4,J,0,F1,,51,,0,,A,21112328,I,By Trust,F2,,2015-12-14
,TESLA MOTORS INC,0001318605,TSLA,Common Stock,2015-11-16,4,P,0,,,198615,,26.4487,F1,A,21310892,I,By Trust,F2,,2015-11-16
,TESLA MOTORS INC,0001318605,TSLA,Common Stock,2015-11-12,4,P,0,,,83955,,25.2025,F1,A,20889080,I,By Trust,F3,,2015-11-12
,TESLA MOTORS INC,0001318605,TSLA,Common Stock,2015-11-13,4,P,0,,,223197,,25.4044,F2,A,21112277,I,By Trust,F3,,2015-11-13
,TESLA MOTORS INC,0001318605,TSLA,Common Stock,2015-09-08,4,J,0,F1,,43,,0,,A,20805125,I,By Trust,F2,,2015-09-08
,TESLA MOTORS INC,0001318605,TSLA,Common Stock,2015-08-24,4,P,0,,,123510,,40.4855,F1,A,20805082,I,By Trust,F2,,2015-08-24
,TESLA MOTORS INC,0001318605,TSLA,Common Stock,2015-08-19,4,P,0,F1,,82645.0,,242.0,,A,28371342,I,by Trust,,,
,TESLA MOTORS INC,0001318605,TSLA,Common Stock,2015-08-04,4,J,0,F1,,44,,0,,A,20681572,I,By Trust,F2,,2015-08-04
,TESLA MOTORS INC,0001318605,TSLA,Common Stock,2015-06-12,4,J,0,F1,,43,,0,,A,20681528,I,By Trust,F2,,2015-06-12
,TESLA MOTORS INC,0001318605,TSLA,Common Stock,2015-04-23,4,J,0,F1,,46,,0,,A,20681485,I,By Trust,F2,,2015-04-23
,TESLA MOTORS INC,0001318605,TSLA,Common Stock,2015-03-11,4,J,0,F1,,43,,0,,A,20681439,I,By Trust,F2,,2015-03-11
,TESLA MOTORS INC,0001318605,TSLA,Common Stock,2015-03-02,4,J,0,F1,,46,,0,,A,20681396,I,By Trust,F2,,2015-03-02
,TESLA MOTORS INC,0001318605,TSLA,Common Stock,2014-08-01,4,J,0,F1,,51,,0,,A,21044299,I,By Trust,F2,,2014-08-01
,TESLA MOTORS INC,0001318605,TSLA,Common Stock,2014-09-12,4,J,0,F1,,51,,0,,A,21044350,I,By Trust,F2,,2014-09-12
,TESLA MOTORS INC,0001318605,TSLA,Common Stock,2014-11-25,5,G,0,F1,,363000,,0,,D,20681248,I,By Trust,F2,,2014-11-25
,TESLA MOTORS INC,0001318605,TSLA,Common Stock,2014-07-15,4,J,0,F1,,51,,0,,A,21044248,I,By Trust,F2,,2014-07-15
,TESLA MOTORS INC,0001318605,TSLA,Common Stock,2014-06-19,4,J,0,F1,,51,,0,,A,21044197,I,By Trust,F2,,2014-06-19
,TESLA MOTORS INC,0001318605,TSLA,Common Stock,2014-05-09,4,J,0,F1,,103,,0.00,,A,21029036,I,By Trust,,,2014-05-09
,TESLA MOTORS INC,0001318605,TSLA,Common Stock,2014-05-09,4,J,0,F2,,15110,,0.00,,A,21044146,I,By Trust,,,2014-05-09
,TESLA MOTORS INC,0001318605,TSLA,Common Stock,2013-12-09,4,A,0,,,75.0,F1,0.0,,A,75,D,,,,
,TESLA MOTORS INC,0001318605,TSLA,Common Stock,2013-11-14,4,J,0,F1,,103,,0,,A,21028933,I,By Trust,,,2013-11-14
,TESLA MOTORS INC,0001318605,TSLA,Common Stock,2013-11-07,4,J,0,F1,,1256.0,,0.0,,A,28288622,I,by Trust,,,
,TESLA MOTORS INC,0001318605,TSLA,Common Stock,2013-10-21,4,P,0,,,214869,,46.54,,A,21028830,I,By Trust,,,2013-10-21
,TESLA MOTORS INC,0001318605,TSLA,Common Stock,2013-05-30,4,P,0,F1,,1084129,,92.24,,A,28287366,I,by Trust,,,
,TESLA MOTORS INC,0001318605,TSLA,Common Stock,2012-12-26,4,P,0,,,48664,,11.0621,F1,A,20773655,I,By Trust,,,2012-12-26
,TESLA MOTORS INC,0001318605,TSLA,Common Stock,2012-12-27,4,P,0,,,40306,,11.1971,F2,A,20813961,I,By Trust,,,2012-12-27
,TESLA MOTORS INC,0001318605,TSLA,Common Stock,2012-12-18,4,C,0,,,10491720,,,F1,A,10609976,I,By Trust,,,2012-12-18
,TESLA MOTORS INC,0001318605,TSLA,Common Stock,2012-12-18,4,C,0,,,2897342,,,F1,A,13507318,I,By Trust,,,2012-12-18
,TESLA MOTORS INC,0001318605,TSLA,Common Stock,2012-12-18,4,C,0,,,478871,,,F1,A,13986189,I,By Trust,,,2012-12-18
,TESLA MOTORS INC,0001318605,TSLA,Common Stock,2012-12-18,4,C,0,,,2279826,,,F1,A,16266015,I,By Trust,,,2012-12-18
,TESLA MOTORS INC,0001318605,TSLA,Common Stock,2012-12-18,4,C,0,,,1033592,,,F1,A,17299607,I,By Trust,,,2012-12-18
,TESLA MOTORS INC,0001318605,TSLA,Common Stock,2012-12-18,4,C,0,,,1550384,,,F2,A,18849991,I,By Trust,,,2012-12-18
,TESLA MOTORS INC,0001318605,TSLA,Common Stock,2012-12-18,4,P,0,,,1875000,,8.00,,A,20724991,I,By Trust,,,2012-12-18
,TESLA MOTORS INC,0001318605,TSLA,Common Stock,2012-10-03,4,P,0,F1,,35398,,28.25,,A,27203237,I,by Trust,,,
,TESLA MOTORS INC,0001318605,TSLA,Common Stock,2012-03-20,4,J,0,F1,,36274,,0,,A,27167839,I,by Trust,F1,,
,TESLA MOTORS INC,0001318605,TSLA,Common Stock,2011-06-08,4,P,0,F1,,1416000,,28.76,,A,27131565,I,by Trust,,,
,TESLA MOTORS INC,0001318605,TSLA,Common Stock,2011-02-18,4,J,0,F1,,15969,,0,,A,25715565,I,by Trust,,,
,TESLA MOTORS INC,0001318605,TSLA,Common Stock,2010-07-02,4,C,0,,,20655342,,,F1,A,23322008,I,By trust,,,2010-07-02
,TESLA MOTORS INC,0001318605,TSLA,Common Stock,2010-07-02,4,C,0,,,3700575,,,F2,A,27022583,I,By trust,,,2010-07-02
,TESLA MOTORS INC,0001318605,TSLA,Common Stock,2010-07-02,4,X,0,,,113908,,,F3,A,27136491,I,By trust,,,2010-07-02
,TESLA MOTORS INC,0001318605,TSLA,Common Stock,2010-07-02,4,F,0,,,21728,,17.00,,D,27114763,I,By trust,,,2010-07-02
,TESLA MOTORS INC,0001318605,TSLA,Common Stock,2010-07-02,4,S,0,,,1415167,,17.00,,D,25699596,I,By trust,,,2010-07-02
