player_id,name,position,bench_reps,broad_jump,cone,shuttle,forty_yd,vertical,draft_pick,draft_round,weight,height,dk_score,10_yd,position_label
AbduAm00,Ameer Abdullah,RB,24.0,130.0,6.79,3.95,4.6,42.5,54.0,2.0,205,69.0,120.99999999999999,UNK,2
AdamDa00,Darvin Adams,WR,0.0,0.0,0.0,0.0,4.56,0.0,0.0,0.0,190,74.0,0.0,UNK,5
AdamDa01,Davante Adams,WR,14.0,123.0,6.82,4.3,4.56,39.5,53.0,2.0,212,73.0,103.60000000000001,UNK,5
AdamJe01,Jerell Adams,TE,0.0,117.0,7.05,4.31,4.64,32.5,184.0,6.0,247,77.0,34.2,UNK,3
AdamJo01,Joe Adams,WR,0.0,123.0,7.09,0.0,4.51,36.0,104.0,4.0,179,71.0,3.0,UNK,5
AddaJo00,Joseph Addai,RB,18.0,125.0,7.09,4.47,4.4,38.5,30.0,1.0,214,71.0,234.60000000000002,UNK,2
AddiBr01,Bralon Addison,RB,13.0,116.0,6.95,4.14,4.66,34.5,0.0,0.0,197,69.0,2.5,UNK,2
AghoNe00,Nelson Agholor,WR,12.0,0.0,0.0,0.0,4.42,0.0,20.0,1.0,198,72.0,57.3,UNK,5
AikeSa00,Sam Aiken,WR,0.0,121.0,7.22,0.0,4.59,39.5,127.0,4.0,209,74.0,6.5,UNK,5
AjayJa00,Jay Ajayi,RB,19.0,121.0,7.1,4.1,4.57,39.0,149.0,5.0,221,72.0,40.7,UNK,2
AjirSe00,Seyi Ajirotutu,WR,14.0,115.0,7.22,4.39,4.6,36.0,0.0,0.0,204,75.0,54.2,UNK,5
AlexDa00,Danario Alexander,WR,0.0,0.0,0.0,0.0,4.62,0.0,0.0,0.0,215,77.0,56.599999999999994,UNK,5
AlexSh00,Shaun Alexander,RB,0.0,0.0,0.0,0.0,4.58,0.0,19.0,1.0,218,72.0,52.400000000000006,UNK,2
AlfoMa00,Mario Alford,WR,13.0,121.0,6.64,4.07,4.43,34.0,238.0,7.0,180,68.0,2.5,UNK,5
AlleAn01,Anthony Allen,RB,24.0,120.0,6.79,4.06,4.56,41.5,225.0,7.0,228,73.0,0.8,UNK,2
AlleAr00,Armando Allen,RB,23.0,0.0,0.0,0.0,4.59,0.0,0.0,0.0,199,68.0,4.8,UNK,2
AlleDw00,Dwayne Allen,TE,27.0,110.0,7.12,4.37,4.85,32.0,64.0,3.0,255,75.0,115.6,UNK,3
AlleJa00,James Allen,RB,24.0,126.0,7.59,4.21,4.62,38.0,82.0,3.0,240,75.0,133.3,UNK,2
AlleJa01,Javorius Allen,RB,11.0,121.0,6.96,4.28,4.53,35.5,125.0,4.0,221,72.0,152.7,UNK,2
AlleKe00,Keenan Allen,WR,0.0,0.0,0.0,0.0,4.58,0.0,76.0,3.0,206,74.0,238.60000000000002,UNK,5
AlliAu00,Aundrae Allison,WR,0.0,127.0,0.0,0.0,4.39,37.0,146.0,5.0,198,72.0,26.5,UNK,5
AlliGe01,Geronimo Allison,WR,0.0,127.0,7.4,4.28,4.67,33.0,0.0,0.0,196,75.0,44.2,UNK,5
AmarJa00,Jace Amaro,TE,28.0,118.0,7.42,4.3,4.74,33.0,49.0,2.0,265,77.0,84.5,UNK,3
AndeCo00,Courtney Anderson,TE,17.0,106.0,7.86,4.45,4.89,30.0,245.0,7.0,269,78.0,36.5,UNK,3
AndeDa00,Damien Anderson,RB,27.0,112.0,6.93,4.02,4.56,33.5,0.0,0.0,211,70.0,13.100000000000001,UNK,2
AndeDa01,David Anderson,WR,0.0,116.0,6.88,4.2,4.57,34.0,251.0,7.0,192,70.0,3.7,UNK,5
AndeSc00,Scotty Anderson,WR,0.0,115.0,0.0,0.0,4.57,34.5,148.0,5.0,184,74.0,39.099999999999994,UNK,5
AndeSt01,Stephen Anderson,TE,16.0,119.0,0.0,0.0,4.59,38.0,0.0,0.0,230,74.0,26.299999999999997,UNK,3
AndrAn00,Antonio Andrews,RB,20.0,106.0,7.24,4.49,4.82,29.5,0.0,0.0,225,70.0,3.1,UNK,2
AnelMa20,Mark Anelli,TE,18.0,0.0,0.0,0.0,4.8,0.0,201.0,6.0,262,76.0,0.0,UNK,3
ArchDr00,Dri Archer,WR,20.0,122.0,6.86,4.06,4.26,38.0,97.0,3.0,173,68.0,13.3,UNK,5
ArtiCa00,Cameron Artis-Payne,RB,0.0,118.0,7.13,0.0,4.53,36.5,174.0,5.0,212,70.0,35.1,UNK,2
AtkiGe01,George Atkinson,RB,19.0,121.0,7.07,4.46,4.48,38.0,0.0,0.0,218,73.0,0.0,UNK,2
AustMi00,Miles Austin,WR,21.0,123.0,7.09,4.14,4.47,40.5,0.0,0.0,215,74.0,0.0,UNK,5
AustTa00,Tavon Austin,WR,14.0,120.0,0.0,4.01,4.34,32.0,8.0,1.0,174,68.0,135.9,UNK,5
AvanJa00,Jason Avant,WR,20.0,118.0,0.0,0.0,4.62,37.0,109.0,4.0,212,72.0,19.8,UNK,5
AverDo00,Donnie Avery,WR,16.0,0.0,0.0,0.0,4.43,0.0,33.0,2.0,192,71.0,154.29999999999998,UNK,5
AyerDe00,Demarcus Ayers,WR,0.0,123.0,0.0,0.0,4.72,33.0,229.0,7.0,182,69.0,16.099999999999998,UNK,5
BailSt01,Stedman Bailey,WR,11.0,117.0,6.81,4.09,4.52,34.5,92.0,3.0,193,70.0,48.900000000000006,UNK,5
BajeBi00,Billy Bajema,TE,16.0,113.0,7.05,4.25,4.74,31.5,249.0,7.0,261,77.0,10.4,UNK,3
BakeCh00,Chris Baker,TE,18.0,112.0,6.95,0.0,4.81,35.0,88.0,3.0,258,75.0,43.599999999999994,UNK,3
BallMo00,Montee Ball,RB,15.0,118.0,6.88,4.4,4.66,32.0,58.0,2.0,214,70.0,117.40000000000002,UNK,2
BallVi00,Vick Ballard,RB,23.0,115.0,7.03,4.19,4.59,33.0,170.0,5.0,219,70.0,134.60000000000002,UNK,2
BankBr00,Brandon Banks,WR,0.0,113.0,6.88,4.29,4.37,31.0,0.0,0.0,149,67.0,9.6,UNK,5
BankMi20,Mike Banks,TE,0.0,104.0,0.0,0.0,4.84,31.5,223.0,7.0,260,76.0,0.0,UNK,3
BannAl00,Alex Bannister,WR,0.0,110.0,0.0,0.0,4.47,30.5,140.0,5.0,201,77.0,9.0,UNK,5
BarbMa01,Marion Barber,RB,20.0,127.0,0.0,0.0,4.49,40.0,109.0,4.0,221,71.0,116.3,UNK,2
BarbPe01,Peyton Barber,RB,20.0,111.0,7.0,4.21,4.64,32.5,0.0,0.0,228,70.0,36.1,UNK,2
BardRa00,Ramses Barden,WR,17.0,118.0,0.0,4.26,4.51,33.5,85.0,3.0,229,78.0,2.6,UNK,5
BarkMa00,Matt Barkley,QB,0.0,0.0,0.0,0.0,4.91,0.0,98.0,4.0,227,74.0,7.800000000000001,UNK,1
BarlKe00,Kevan Barlow,RB,0.0,0.0,0.0,0.0,4.56,0.0,80.0,3.0,235,73.0,127.9,UNK,2
BarnGa01,Gary Barnidge,TE,22.0,117.0,6.92,4.23,4.61,31.0,141.0,5.0,243,78.0,0.0,UNK,3
BarnKe00,Kenjon Barner,RB,20.0,122.0,6.87,4.2,4.52,35.5,182.0,6.0,196,69.0,3.4,UNK,2
BasaBr00,Brett Basanez,QB,0.0,114.0,6.75,4.22,4.76,34.0,0.0,0.0,220,73.0,1.4400000000000004,UNK,1
BaskHa00,Hank Baskett,WR,0.0,119.0,6.79,4.17,4.5,35.0,0.0,0.0,224,75.0,85.4,UNK,5
BattAr00,Arnaz Battle,WR,0.0,117.0,6.74,4.06,4.58,35.0,197.0,6.0,217,73.0,1.4,UNK,5
BechAn00,Anthony Becht,TE,0.0,123.0,6.94,4.08,4.78,33.5,27.0,1.0,270,78.0,42.4,UNK,3
BeckJo00,John Beck,QB,0.0,111.0,6.81,4.17,4.75,29.5,40.0,2.0,215,74.0,30.560000000000002,UNK,1
BeckTr00,Travis Beckum,TE,28.0,0.0,0.0,0.0,4.61,0.0,100.0,3.0,243,75.0,13.5,UNK,3
BellBl00,Blake Bell,TE,14.0,116.0,6.85,4.32,4.8,33.0,117.0,4.0,252,78.0,33.599999999999994,UNK,3
BellJo01,Joique Bell,RB,0.0,120.0,6.84,4.17,4.68,36.5,0.0,0.0,220,71.0,0.0,UNK,2
BellKa00,Kahlil Bell,RB,15.0,114.0,6.87,4.2,4.74,34.5,0.0,0.0,212,71.0,23.4,UNK,2
BellLe00,Le'Veon Bell,RB,24.0,118.0,6.75,4.24,4.6,31.5,48.0,2.0,230,73.0,221.89999999999998,UNK,2
BellMi00,Mike Bell,RB,19.0,112.0,7.16,4.21,4.6,31.5,0.0,0.0,221,72.0,154.5,UNK,2
BellTa00,Tatum Bell,RB,25.0,117.0,0.0,0.0,4.37,38.5,41.0,2.0,212,71.0,73.6,UNK,2
BenjKe00,Kelvin Benjamin,WR,13.0,119.0,7.33,4.39,4.61,32.5,28.0,1.0,240,77.0,236.8,UNK,5
BenjTr00,Travis Benjamin,WR,14.0,119.0,0.0,0.0,4.31,38.0,100.0,4.0,172,70.0,72.4,UNK,5
BennAr00,Arrelious Benn,WR,20.0,118.0,0.0,0.0,4.57,37.0,39.0,2.0,219,73.0,83.00000000000001,UNK,5
BennEa00,Earl Bennett,WR,15.0,110.0,7.15,4.22,4.48,26.0,70.0,3.0,209,71.0,0.0,UNK,5
BennMa00,Martellus Bennett,TE,18.0,118.0,7.64,4.53,4.68,34.0,61.0,2.0,259,78.0,72.30000000000001,UNK,3
BennMi00,Michael Bennett,RB,13.0,130.0,0.0,0.0,4.38,39.5,27.0,1.0,207,69.0,162.79999999999998,UNK,2
BensCe00,Cedric Benson,RB,0.0,0.0,0.0,0.0,4.62,0.0,4.0,1.0,222,70.0,28.500000000000004,UNK,2
BergAd00,Adam Bergen,TE,25.0,121.0,7.11,4.1,4.78,38.0,0.0,0.0,265,76.0,61.0,UNK,3
BerlEd00,Eddie Berlin,WR,0.0,122.0,6.78,4.08,4.43,39.5,159.0,5.0,191,71.0,4.800000000000001,UNK,5
BernGi00,Giovani Bernard,RB,19.0,122.0,6.91,4.12,4.53,33.5,37.0,2.0,202,68.0,224.9,UNK,2
BerrBe00,Bernard Berrian,WR,0.0,128.0,7.34,4.18,4.58,38.0,78.0,3.0,183,73.0,52.300000000000004,UNK,5
BertSe00,Sean Berton,TE,0.0,107.0,7.18,4.35,5.02,31.0,0.0,0.0,279,76.0,0.0,UNK,3
BessDa00,Davone Bess,WR,12.0,118.0,6.97,4.27,4.64,31.5,0.0,0.0,194,70.0,116.7,UNK,5
BestJa00,Jahvid Best,RB,18.0,113.0,6.75,4.17,4.34,32.5,30.0,1.0,199,70.0,201.19999999999996,UNK,2
BettLa00,Ladell Betts,RB,23.0,116.0,7.06,4.06,4.62,38.0,56.0,2.0,220,70.0,67.10000000000001,UNK,2
BlacJu00,Justin Blackmon,WR,14.0,0.0,0.0,0.0,4.46,0.0,5.0,1.0,207,73.0,185.8,UNK,5
BlouLe00,LeGarrette Blount,RB,18.0,117.0,6.85,4.49,4.7,35.0,0.0,0.0,241,72.0,155.10000000000002,UNK,2
BlueAl00,Alfred Blue,RB,13.0,121.0,7.15,4.5,4.63,32.0,181.0,6.0,223,74.0,100.1,UNK,2
BoldAn00,Anquan Boldin,WR,0.0,114.0,7.35,4.33,4.72,33.5,54.0,2.0,216,73.0,304.7,UNK,5
BoldBr00,Brandon Bolden,RB,21.0,119.0,6.96,4.44,4.55,38.0,0.0,0.0,222,71.0,45.49999999999999,UNK,2
BollKy00,Kyle Boller,QB,0.0,117.0,7.2,4.02,4.61,35.5,19.0,1.0,234,75.0,78.60000000000002,UNK,1
BookDe00,Devontae Booker,RB,22.0,0.0,0.0,0.0,4.56,0.0,136.0,4.0,219,71.0,148.7,UNK,2
BookLo00,Lorenzo Booker,RB,26.0,121.0,0.0,0.0,4.46,35.5,71.0,3.0,191,70.0,64.2,UNK,2
BortBl00,Blake Bortles,QB,0.0,115.0,7.08,4.21,4.93,32.5,3.0,1.0,232,77.0,188.22,UNK,1
BossKe00,Kevin Boss,TE,0.0,116.0,6.96,4.41,4.78,35.0,153.0,5.0,252,78.0,32.8,UNK,3
BoweDw00,Dwayne Bowe,WR,0.0,125.0,6.81,4.35,4.51,33.0,23.0,1.0,221,74.0,205.50000000000006,UNK,5
BoycJo00,Josh Boyce,WR,22.0,131.0,6.68,4.1,4.38,34.0,102.0,4.0,206,71.0,21.1,UNK,5
BoydCo01,Cory Boyd,RB,25.0,118.0,6.97,4.24,4.52,33.5,238.0,7.0,213,72.0,0.0,UNK,2
BoydTy00,Tyler Boyd,WR,11.0,119.0,6.9,4.35,4.58,34.0,55.0,2.0,197,73.0,126.10000000000001,UNK,5
BoykJa00,Jarrett Boykin,WR,11.0,123.0,7.12,4.28,4.62,36.0,0.0,0.0,217,74.0,7.7,UNK,5
BoykTr00,Trevone Boykin,QB,0.0,110.0,0.0,4.4,4.77,32.0,0.0,0.0,212,72.0,8.9,UNK,1
BoylNi00,Nick Boyle,TE,20.0,112.0,7.13,4.23,5.04,30.5,171.0,5.0,268,76.0,33.3,UNK,3
BradAh00,Ahmad Bradshaw,RB,0.0,112.0,6.7,4.09,4.55,34.0,250.0,7.0,198,69.0,31.200000000000003,UNK,2
BradAl00,Allen Bradford,RB,28.0,113.0,6.97,4.39,4.53,29.0,187.0,6.0,242,71.0,1.3,UNK,2
BradMa00,Mark Bradley,WR,0.0,128.0,6.96,3.98,4.37,39.5,39.0,2.0,201,73.0,41.0,UNK,5
BradSa00,Sam Bradford,QB,0.0,0.0,0.0,0.0,4.79,0.0,1.0,1.0,236,76.0,212.78,UNK,1
BradTo00,Tom Brady,QB,0.0,99.0,7.2,4.38,5.28,24.5,199.0,6.0,211,76.0,0.24,UNK,1
BranDe00,Deion Branch,WR,0.0,117.0,6.71,3.78,4.47,36.0,65.0,2.0,191,69.0,106.89999999999999,UNK,5
BrauBe00,Ben Braunecker,TE,20.0,121.0,6.9,4.2,4.73,35.5,0.0,0.0,250,75.0,8.100000000000001,UNK,3
BrazLa00,LaVon Brazill,WR,11.0,0.0,0.0,0.0,4.43,32.5,206.0,6.0,192,71.0,35.599999999999994,UNK,5
BreaSt00,Steve Breaston,WR,0.0,124.0,6.9,4.29,4.46,33.0,142.0,5.0,193,72.0,24.0,UNK,5
BreeDr00,Drew Brees,QB,0.0,105.0,7.09,4.21,4.83,32.0,32.0,2.0,213,72.0,14.64,UNK,1
BridTe00,Teddy Bridgewater,QB,0.0,113.0,7.17,4.2,0.0,30.0,32.0,1.0,214,74.0,196.66,UNK,1
BrisDe00,Dezmon Briscoe,WR,9.0,115.0,7.1,4.57,4.66,33.0,191.0,6.0,207,74.0,21.3,UNK,5
BrisJa00,Jacoby Brissett,QB,0.0,113.0,7.17,4.53,4.94,31.0,0.0,0.0,231,76.0,30.300000000000004,UNK,1
BritKe00,Kenny Britt,WR,23.0,124.0,0.0,4.47,4.47,37.0,30.0,1.0,218,75.0,136.1,UNK,5
BrowAn04,Antonio Brown,WR,13.0,105.0,6.98,4.18,4.56,33.5,195.0,6.0,186,70.0,38.699999999999996,UNK,5
BrowCh03,Chris Brown,RB,0.0,0.0,0.0,0.0,4.46,0.0,93.0,3.0,220,75.0,72.39999999999999,UNK,2
BrowDo00,Donald Brown,RB,0.0,125.0,6.93,4.1,4.46,41.5,27.0,1.0,210,70.0,74.0,UNK,2
BrowJo02,John Brown,WR,0.0,119.0,6.91,4.12,4.34,36.5,91.0,3.0,179,70.0,150.0,UNK,5
BrowLe00,Levi Brown,QB,20.0,106.0,7.07,4.43,4.93,31.5,209.0,7.0,229,75.0,-0.040000000000000036,UNK,1
BrowMa00,Marlon Brown,WR,0.0,0.0,0.0,0.0,4.63,0.0,0.0,0.0,213,76.0,143.2,UNK,5
BrowMa03,Malcolm Brown,RB,19.0,117.0,6.86,4.15,4.62,34.5,0.0,0.0,224,71.0,2.5,UNK,2
BrowPh00,Corey Brown,WR,0.0,116.0,7.16,4.22,4.51,33.0,0.0,0.0,178,71.0,78.10000000000002,UNK,5
BrowRe01,Reggie Brown,WR,0.0,128.0,6.99,3.94,4.45,41.5,35.0,2.0,196,74.0,124.60000000000001,UNK,5
BrowRo05,Ronnie Brown,RB,18.0,117.0,7.1,4.08,4.43,34.0,2.0,1.0,233,72.0,181.89999999999998,UNK,2
BrowTr01,Travis Brown,QB,0.0,101.0,7.54,4.87,5.01,29.0,0.0,0.0,218,75.0,0.0,UNK,1
BrowVi00,Vincent Brown,WR,12.0,121.0,6.64,4.25,4.68,33.5,82.0,3.0,187,71.0,63.9,UNK,5
BroyRy00,Ryan Broyles,WR,21.0,0.0,0.0,0.0,4.57,0.0,54.0,2.0,192,70.0,68.0,UNK,5
BryaAn00,Antonio Bryant,WR,0.0,121.0,0.0,0.0,4.57,37.0,63.0,2.0,188,73.0,160.3,UNK,5
BryaDe01,Dez Bryant,WR,0.0,0.0,0.0,0.0,4.52,0.0,24.0,1.0,225,74.0,152.10000000000002,UNK,5
BryaMa00,Martavis Bryant,WR,16.0,124.0,7.18,4.15,4.42,39.0,118.0,4.0,211,76.0,136.1,UNK,5
BuckCo00,Correll Buckhalter,RB,11.0,123.0,7.08,4.06,4.53,40.0,121.0,4.0,226,72.0,99.6,UNK,2
BurbAa00,Aaron Burbridge,WR,20.0,115.0,7.22,4.31,4.56,30.5,213.0,6.0,206,72.0,15.8,UNK,5
BurkRe00,Rex Burkhead,RB,21.0,125.0,6.85,4.09,4.73,39.0,190.0,6.0,214,70.0,0.0,UNK,2
BurlNa00,Nate Burleson,WR,0.0,126.0,6.96,4.16,4.51,42.5,71.0,3.0,197,72.0,86.5,UNK,5
BurnJo00,Joe Burns,RB,21.0,105.0,0.0,0.0,4.81,31.0,0.0,0.0,213,69.0,0.7000000000000001,UNK,2
BurrPl00,Plaxico Burress,WR,0.0,115.0,0.0,0.0,4.59,33.0,8.0,1.0,231,77.0,49.3,UNK,5
BursIs01,Isaiah Burse,WR,16.0,115.0,6.74,3.94,4.58,31.0,0.0,0.0,188,70.0,0.0,UNK,5
BurtKe00,Keenan Burton,WR,10.0,125.0,6.77,4.2,4.44,38.5,128.0,4.0,201,72.0,37.0,UNK,5
BurtSt00,Stephen Burton,WR,19.0,117.0,7.04,4.31,4.5,34.5,236.0,7.0,221,73.0,5.800000000000001,UNK,5
BurtTr01,Trey Burton,TE,0.0,112.0,7.14,4.32,4.62,30.0,0.0,0.0,224,74.0,1.0,UNK,3
BushRe00,Reggie Bush,RB,0.0,0.0,0.0,0.0,4.37,0.0,2.0,1.0,201,71.0,280.7,UNK,2
ButlDe00,Deon Butler,WR,12.0,118.0,7.01,4.48,4.31,34.5,91.0,3.0,182,70.0,32.5,UNK,5
ByhaNa00,Nate Byham,TE,0.0,109.0,0.0,0.0,4.97,29.0,182.0,6.0,268,76.0,7.7,UNK,3
ByrdDo00,Dominique Byrd,TE,0.0,0.0,0.0,0.0,4.79,0.0,93.0,3.0,255,75.0,11.9,UNK,3
CaldAn00,Andre Caldwell,WR,0.0,124.0,6.75,4.11,4.35,33.0,97.0,3.0,204,72.0,24.1,UNK,5
CaldRe00,Reche Caldwell,WR,0.0,130.0,7.0,4.1,4.53,41.5,48.0,2.0,194,72.0,62.50000000000001,UNK,5
CalhBr00,Brian Calhoun,RB,18.0,124.0,7.05,4.2,4.57,31.5,74.0,3.0,201,69.0,5.8999999999999995,UNK,2
CaliTy00,Tyrone Calico,WR,0.0,127.0,6.73,4.26,4.34,38.0,60.0,2.0,223,76.0,72.2,UNK,5
CameJo00,Jordan Cameron,TE,23.0,119.0,6.82,4.03,4.53,37.5,102.0,4.0,254,77.0,9.3,UNK,3
CampKe00,Kelly Campbell,WR,0.0,0.0,0.0,0.0,4.48,0.0,0.0,0.0,171,70.0,49.7,UNK,5
CampMi02,Michael Campanaro,WR,20.0,122.0,6.77,4.01,4.46,39.0,218.0,7.0,192,69.0,23.2,UNK,5
CaniTr00,Trung Canidate,RB,18.0,0.0,0.0,0.0,4.41,0.0,31.0,1.0,193,71.0,2.0,UNK,2
CareKa00,Ka'Deem Carey,RB,19.0,115.0,7.08,4.38,4.69,32.5,117.0,4.0,207,69.0,26.500000000000004,UNK,2
CarlJo00,John Carlson,TE,20.0,113.0,7.12,4.28,4.88,30.5,38.0,2.0,251,77.0,150.7,UNK,3
CarrDa00,David Carr,QB,0.0,108.0,7.05,4.28,4.67,35.0,1.0,1.0,223,75.0,170.88,UNK,1
CarrDe02,Derek Carr,QB,0.0,110.0,0.0,4.2,4.69,34.5,36.0,2.0,214,74.0,214.99999999999997,UNK,1
CarrLe00,Leonte Carroo,WR,14.0,120.0,0.0,0.0,4.5,35.5,86.0,3.0,211,72.0,11.9,UNK,5
CartDe01,Delone Carter,RB,27.0,120.0,6.92,4.07,4.54,37.0,119.0,4.0,222,69.0,56.5,UNK,2
CartJa00,Jason Carter,WR,0.0,116.0,6.89,4.21,4.6,33.0,0.0,0.0,211,72.0,0.0,UNK,5
CartKe01,Kerry Carter,RB,20.0,118.0,7.29,4.39,4.61,36.0,0.0,0.0,238,74.0,-0.2,UNK,2
CartQu00,Quincy Carter,QB,0.0,113.0,7.12,4.12,4.58,35.5,53.0,2.0,225,74.0,76.88,UNK,1
CartTi00,Tim Carter,WR,0.0,126.0,6.68,3.93,4.32,39.0,46.0,2.0,190,72.0,8.5,UNK,5
CaseJa00,James Casey,TE,28.0,111.0,7.0,4.48,4.69,36.0,152.0,5.0,246,75.0,12.400000000000002,UNK,3
CaviKw00,Kwame Cavil,WR,0.0,118.0,0.0,0.0,4.54,39.5,0.0,0.0,208,74.0,10.600000000000001,UNK,5
ChamCh00,Chris Chambers,WR,0.0,134.0,0.0,4.0,4.33,45.0,52.0,2.0,210,72.0,186.20000000000002,UNK,5
ChanSc00,Scott Chandler,TE,16.0,111.0,7.26,4.32,4.78,30.0,129.0,4.0,270,79.0,0.0,UNK,3
ChapSh00,Shaun Chapas,RB,23.0,116.0,7.13,4.4,4.87,35.5,220.0,7.0,247,74.0,1.9,UNK,2
CharJa00,Jamaal Charles,RB,0.0,122.0,6.8,4.22,4.38,30.5,73.0,3.0,200,71.0,101.90000000000002,UNK,2
CharOr00,Orson Charles,TE,35.0,0.0,0.0,0.0,4.73,0.0,116.0,4.0,251,74.0,18.1,UNK,3
ChoiTa00,Tashard Choice,RB,20.0,119.0,6.88,0.0,4.48,34.0,122.0,4.0,215,70.0,98.7,UNK,2
ClarDa00,Dallas Clark,TE,0.0,123.0,0.0,0.0,4.65,37.5,24.0,1.0,257,75.0,72.0,UNK,3
ClauJi00,Jimmy Clausen,QB,0.0,0.0,0.0,0.0,4.76,0.0,48.0,2.0,222,75.0,71.02000000000001,UNK,1
ClayCh00,Charles Clay,TE,18.0,118.0,7.07,4.15,4.69,33.5,174.0,6.0,245,75.0,57.3,UNK,3
ClayJo00,John Clay,RB,0.0,111.0,0.0,0.0,4.83,29.0,0.0,0.0,230,72.0,10.1,UNK,2
ClayKa00,Kaelin Clay,WR,10.0,113.0,6.97,4.26,4.51,33.0,184.0,6.0,195,70.0,6.0,UNK,5
ClayMa01,Mark Clayton,WR,0.0,118.0,6.95,4.07,4.41,36.5,22.0,1.0,193,70.0,115.39999999999999,UNK,5
ClayMi00,Michael Clayton,WR,0.0,116.0,6.77,4.09,4.67,32.5,15.0,1.0,209,75.0,250.29999999999998,UNK,5
ClemKe00,Kellen Clemens,QB,0.0,0.0,0.0,0.0,4.89,0.0,49.0,2.0,224,74.0,1.0,UNK,1
CoatDa00,Daniel Coats,TE,34.0,111.0,7.07,4.43,4.94,30.0,0.0,0.0,257,75.0,24.2,UNK,3
CoatSa00,Sammie Coates,WR,23.0,131.0,6.98,4.06,4.43,41.0,87.0,3.0,212,73.0,2.1,UNK,5
CobbCe00,Cedric Cobbs,RB,0.0,123.0,0.0,0.0,4.75,40.0,128.0,4.0,223,72.0,5.0,UNK,2
CobbDa00,David Cobb,RB,17.0,121.0,0.0,0.0,4.59,38.5,138.0,5.0,229,71.0,21.4,UNK,2
CobbDe00,DeAndra Cobb,RB,17.0,118.0,7.13,4.25,4.49,34.0,201.0,6.0,196,70.0,0.0,UNK,2
CobbRa00,Randall Cobb,WR,16.0,115.0,7.08,4.34,4.46,33.5,64.0,2.0,191,70.0,81.0,UNK,5
CoboAv00,Avon Cobourne,RB,21.0,112.0,7.21,4.18,4.7,31.5,0.0,0.0,205,67.0,9.7,UNK,2
CoffGl00,Glen Coffee,RB,24.0,121.0,7.35,4.51,4.5,36.0,74.0,3.0,209,72.0,47.199999999999996,UNK,2
ColbKe00,Keary Colbert,WR,0.0,0.0,0.0,0.0,4.6,30.0,62.0,2.0,207,73.0,158.4,UNK,5
ColeCh00,Chris Cole,WR,0.0,125.0,6.76,4.09,4.37,37.5,70.0,3.0,191,72.0,0.0,UNK,5
ColeCh01,Chris Coleman,WR,0.0,110.0,6.79,4.1,4.61,32.5,0.0,0.0,211,72.0,0.0,UNK,5
ColeCo00,Corey Coleman,WR,17.0,129.0,0.0,0.0,4.42,40.5,15.0,1.0,194,71.0,96.30000000000001,UNK,5
ColeLa00,Laveranues Coles,WR,0.0,115.0,6.89,4.39,4.41,34.0,78.0,3.0,192,71.0,69.5,UNK,5
ColeTe01,Tevin Coleman,RB,22.0,0.0,0.0,0.0,4.4,0.0,73.0,3.0,206,71.0,51.6,UNK,2
CollAl00,Alex Collins,RB,18.0,113.0,0.0,0.0,4.59,28.5,171.0,5.0,217,70.0,37.9,UNK,2
CollAu00,Austin Collie,WR,17.0,120.0,6.78,4.24,4.53,34.0,127.0,4.0,200,73.0,169.70000000000002,UNK,5
CollJe00,Jerome Collins,TE,21.0,118.0,0.0,0.0,4.71,0.0,144.0,5.0,267,76.0,0.0,UNK,3
ColsMa00,Marques Colston,WR,16.0,123.0,6.94,4.43,4.5,37.0,252.0,7.0,224,77.0,233.8,UNK,5
ConlCh00,Chris Conley,WR,18.0,139.0,7.06,4.3,4.35,45.0,76.0,3.0,213,74.0,42.90000000000001,UNK,5
ConnJo00,John Conner,RB,24.0,111.0,7.15,4.32,4.64,35.0,139.0,5.0,246,71.0,13.3,UNK,2
CookBr00,Brandin Cooks,WR,16.0,120.0,6.76,3.81,4.33,36.0,20.0,1.0,189,70.0,139.3,UNK,5
CookCo00,Connor Cook,QB,0.0,113.0,7.21,4.28,4.79,33.0,100.0,4.0,217,76.0,9.0,UNK,1
CookJa02,Jared Cook,TE,23.0,123.0,0.0,0.0,4.49,41.0,89.0,3.0,246,77.0,16.400000000000002,UNK,3
CoolCh00,Chris Cooley,TE,22.0,115.0,7.21,4.19,4.87,33.0,81.0,3.0,265,75.0,104.4,UNK,3
CoopAm00,Amari Cooper,WR,0.0,120.0,6.71,3.98,4.42,33.0,4.0,1.0,211,73.0,229.7,UNK,5
CoopJo00,Josh Cooper,WR,11.0,0.0,0.0,0.0,4.65,0.0,0.0,0.0,190,71.0,18.6,UNK,5
CoopPh00,Pharoh Cooper,WR,15.0,115.0,0.0,0.0,4.52,31.0,117.0,4.0,203,71.0,23.6,UNK,5
CoopRi00,Riley Cooper,WR,0.0,114.0,0.0,0.0,4.53,33.0,159.0,5.0,222,75.0,24.6,UNK,5
CoppTe00,Terrance Copper,WR,0.0,116.0,7.34,4.31,4.53,35.5,0.0,0.0,208,72.0,21.3,UNK,5
CoreCo00,Cody Core,WR,14.0,119.0,0.0,0.0,4.47,31.5,199.0,6.0,205,75.0,37.00000000000001,UNK,5
CosbQu00,Quan Cosby,WR,0.0,0.0,7.28,4.47,4.5,0.0,0.0,0.0,196,69.0,9.3,UNK,5
CotcJe00,Jerricho Cotchery,WR,0.0,121.0,6.93,3.91,4.54,36.0,108.0,4.0,212,72.0,18.0,UNK,5
CottBr00,Brad Cottam,TE,24.0,0.0,0.0,0.0,4.63,33.0,76.0,3.0,270,79.0,13.3,UNK,3
CousKi00,Kirk Cousins,QB,0.0,109.0,7.05,4.5,4.84,28.5,102.0,4.0,214,75.0,36.84,UNK,1
CrabMi00,Michael Crabtree,WR,0.0,0.0,0.0,0.0,4.54,0.0,10.0,1.0,215,73.0,122.5,UNK,5
CrawCa00,Casey Crawford,TE,18.0,0.0,0.0,0.0,4.83,0.0,0.0,0.0,244,78.0,14.7,UNK,3
CrinJu00,Juron Criner,WR,17.0,117.0,7.15,4.3,4.66,38.0,168.0,5.0,224,74.0,37.1,UNK,5
CrocJo00,John Crockett,RB,15.0,125.0,7.15,4.25,4.62,40.0,0.0,0.0,217,72.0,2.1,UNK,2
CrowIs00,Isaiah Crowell,RB,23.0,117.0,0.0,0.0,4.57,38.0,0.0,0.0,224,71.0,126.40000000000002,UNK,2
CrowJa00,Jamison Crowder,WR,10.0,115.0,7.17,4.32,4.56,37.0,105.0,4.0,185,68.0,134.6,UNK,5
CroyBr00,Brodie Croyle,QB,0.0,104.0,7.34,4.25,4.88,30.5,85.0,3.0,205,74.0,-1.3800000000000001,UNK,1
CrumAl00,Alge Crumpler,TE,22.0,112.0,7.38,4.43,4.76,34.0,35.0,2.0,266,74.0,76.0,UNK,3
CunnJu00,Justice Cunningham,TE,0.0,116.0,7.12,4.45,4.94,31.5,254.0,7.0,258,75.0,1.4,UNK,3
CurrRo01,Ronald Curry,WR,0.0,115.0,7.06,4.11,4.59,35.0,235.0,7.0,220,74.0,0.0,UNK,5
CurtKe00,Kevin Curtis,WR,0.0,122.0,6.76,3.99,4.42,36.0,74.0,3.0,186,71.0,5.3,UNK,5
CutlJa00,Jay Cutler,QB,23.0,0.0,7.1,4.26,4.77,0.0,11.0,1.0,226,75.0,72.84,UNK,1
DaltAn00,Andy Dalton,QB,0.0,106.0,6.93,4.27,4.83,29.5,35.0,2.0,215,74.0,230.12,UNK,1
DaniOw00,Owen Daniels,TE,23.0,114.0,6.87,4.1,4.65,34.5,98.0,4.0,253,75.0,99.2,UNK,3
DarbKe00,Kenneth Darby,RB,19.0,108.0,7.25,4.53,4.75,30.0,246.0,7.0,211,70.0,4.5,UNK,2
DarlDe00,Devard Darling,WR,0.0,129.0,0.0,0.0,4.52,37.0,82.0,3.0,213,73.0,2.5,UNK,5
DaveNa00,Najeh Davenport,RB,0.0,0.0,0.0,0.0,4.57,0.0,135.0,4.0,248,73.0,32.7,UNK,2
DaveRo01,Rohan Davey,QB,0.0,0.0,0.0,0.0,4.74,0.0,117.0,4.0,245,74.0,-0.28,UNK,1
DaviAn01,Andre' Davis,WR,0.0,123.0,6.77,4.1,4.42,39.5,47.0,2.0,194,73.0,121.7,UNK,5
DaviCh02,Chris Davis,WR,0.0,115.0,6.66,4.14,4.5,35.5,128.0,4.0,181,70.0,10.7,UNK,5
DaviCh03,Chris Davis,WR,0.0,115.0,6.66,4.14,4.5,35.5,128.0,4.0,181,70.0,1.6,UNK,5
DaviDo01,Domanick Williams,RB,22.0,112.0,7.32,4.47,4.63,32.5,101.0,4.0,213,69.0,245.20000000000002,UNK,2
DaviFr01,Fred Davis,TE,24.0,0.0,0.0,0.0,4.68,0.0,48.0,2.0,255,75.0,5.4,UNK,3
DaviGe00,Geremy Davis,WR,23.0,124.0,6.86,4.18,4.49,36.5,186.0,6.0,216,74.0,4.1,UNK,5
DaviJa03,James Davis,RB,17.0,109.0,7.15,4.37,4.45,32.0,195.0,6.0,218,71.0,6.0,UNK,2
DaviKe01,Kellen Davis,TE,22.0,118.0,7.25,4.38,4.59,28.0,158.0,5.0,262,78.0,0.0,UNK,3
DaviKn00,Knile Davis,RB,31.0,121.0,6.96,4.38,4.37,33.5,96.0,3.0,227,71.0,72.70000000000002,UNK,2
DaviMi01,Mike Davis,RB,17.0,116.0,7.0,4.18,4.61,34.0,126.0,4.0,217,69.0,16.6,UNK,2
DaviTr03,Trevor Davis,WR,11.0,124.0,6.6,4.22,4.42,38.5,0.0,0.0,188,73.0,11.4,UNK,5
DaviVe00,Vernon Davis,TE,33.0,128.0,7.0,4.17,4.38,42.0,6.0,1.0,254,75.0,65.0,UNK,3
DawsJa00,JaJuan Dawson,WR,0.0,117.0,6.96,4.16,4.55,34.0,79.0,3.0,199,73.0,24.700000000000003,UNK,5
DaynRo00,Ron Dayne,RB,0.0,0.0,0.0,0.0,4.65,0.0,11.0,1.0,259,71.0,114.1,UNK,2
DeckEr00,Eric Decker,WR,15.0,0.0,0.0,0.0,4.54,0.0,87.0,3.0,217,75.0,22.6,UNK,5
DickDo00,Dorin Dickerson,TE,24.0,125.0,6.96,4.3,4.4,43.5,227.0,7.0,226,73.0,0.0,UNK,3
DickEd00,Ed Dickson,TE,23.0,115.0,7.32,4.59,4.59,34.0,70.0,3.0,249,76.0,32.2,UNK,3
DiggSt00,Stefon Diggs,WR,0.0,115.0,7.03,4.32,4.46,35.0,146.0,5.0,195,72.0,155.30000000000004,UNK,5
DillJa00,Jarett Dillard,WR,13.0,129.0,7.1,4.41,4.5,42.5,144.0,5.0,191,70.0,16.6,UNK,5
DixoAn00,Anthony Dixon,RB,15.0,121.0,7.09,4.49,4.67,33.0,173.0,6.0,233,73.0,41.800000000000004,UNK,2
DixoDe00,Dennis Dixon,QB,0.0,0.0,0.0,0.0,4.58,0.0,156.0,5.0,195,75.0,-0.18000000000000005,UNK,1
DixoKe00,Kenneth Dixon,RB,18.0,121.0,6.97,4.28,4.56,37.5,134.0,4.0,215,70.0,102.39999999999999,UNK,2
DobsAa00,Aaron Dobson,WR,0.0,0.0,0.0,0.0,4.37,0.0,59.0,2.0,210,75.0,115.89999999999999,UNK,5
DoctJo00,Josh Doctson,WR,14.0,131.0,6.84,4.08,4.5,41.0,22.0,1.0,202,74.0,8.6,UNK,5
DorsPh00,Phillip Dorsett,WR,13.0,122.0,6.7,4.11,4.33,37.0,29.0,1.0,185,70.0,48.199999999999996,UNK,5
DossTa00,Tandon Doss,WR,14.0,0.0,0.0,0.0,4.62,0.0,123.0,4.0,201,74.0,0.0,UNK,5
DoucEa00,Early Doucet,WR,0.0,0.0,0.0,0.0,4.59,0.0,81.0,3.0,209,72.0,23.0,UNK,5
DougHa00,Harry Douglas,WR,0.0,120.0,6.57,4.12,4.51,31.0,84.0,3.0,176,71.0,79.89999999999999,UNK,5
DrakKe00,Kenyan Drake,RB,10.0,123.0,7.04,4.21,4.45,34.5,73.0,3.0,210,73.0,49.50000000000001,UNK,2
DrauSh00,Shaun Draughn,RB,21.0,118.0,7.15,4.2,4.73,34.0,0.0,0.0,213,71.0,0.0,UNK,2
DrayJi00,Jim Dray,TE,17.0,0.0,0.0,0.0,4.82,0.0,233.0,7.0,246,77.0,7.700000000000001,UNK,3
DreeJo00,Joel Dreessen,TE,22.0,113.0,7.09,4.01,4.72,36.0,198.0,6.0,260,76.0,9.1,UNK,3
DrewMa00,Maurice Jones-Drew,RB,18.0,116.0,7.08,4.38,4.39,36.0,60.0,2.0,207,67.0,288.7,UNK,2
DuarTh00,Thomas Duarte,WR,12.0,118.0,6.97,4.24,4.72,33.5,231.0,7.0,231,74.0,0.0,UNK,5
DudlKe00,Kevin Dudley,RB,19.0,109.0,7.25,4.56,4.91,30.0,0.0,0.0,238,72.0,0.0,UNK,2
DugaJe00,Jeff Dugan,TE,21.0,109.0,7.4,4.32,5.0,28.0,220.0,7.0,263,76.0,0.0,UNK,3
DugaRo00,Ron Dugans,WR,0.0,117.0,0.0,0.0,4.58,0.0,66.0,3.0,206,73.0,32.5,UNK,5
DunbLa20,LaTarence Dunbar,WR,0.0,122.0,7.41,4.35,4.52,34.0,196.0,6.0,196,71.0,0.0,UNK,5
DwyeJo00,Jonathan Dwyer,RB,15.0,107.0,7.56,4.67,4.64,33.0,188.0,6.0,229,71.0,2.8000000000000003,UNK,2
EbroEr00,Eric Ebron,TE,24.0,120.0,0.0,0.0,4.6,32.0,10.0,1.0,250,76.0,55.80000000000001,UNK,3
EdisDo00,Dominique Edison,WR,0.0,120.0,0.0,4.18,4.42,37.0,206.0,6.0,204,74.0,0.0,UNK,5
EdwaAr00,Armanti Edwards,QB,0.0,0.0,0.0,0.0,4.41,0.0,89.0,3.0,187,71.0,0.7000000000000001,UNK,1
EdwaBr00,Braylon Edwards,WR,0.0,0.0,0.0,0.0,4.45,0.0,3.0,1.0,211,75.0,104.20000000000002,UNK,5
EdwaTe00,Terrence Edwards,WR,0.0,0.0,0.0,0.0,4.5,0.0,0.0,0.0,176,72.0,2.0,UNK,5
EdwaTr01,Trent Edwards,QB,19.0,0.0,7.14,4.46,4.76,0.0,92.0,3.0,231,76.0,90.1,UNK,1
EgneMi00,Michael Egnew,TE,21.0,131.0,7.03,4.32,4.52,36.0,78.0,3.0,252,77.0,0.0,UNK,3
EifeTy00,Tyler Eifert,TE,22.0,119.0,6.92,4.32,4.68,35.5,21.0,1.0,250,77.0,95.49999999999999,UNK,3
ElliAn00,Andre Ellington,RB,0.0,122.0,0.0,0.0,4.61,34.0,187.0,6.0,199,69.0,168.29999999999998,UNK,2
ElliBr00,Bruce Ellington,WR,15.0,120.0,6.69,3.95,4.45,39.5,106.0,4.0,197,69.0,33.0,UNK,5
ElliEz00,Ezekiel Elliott,RB,0.0,118.0,0.0,0.0,4.47,32.5,4.0,1.0,225,72.0,348.40000000000003,UNK,2
EnunQu00,Quincy Enunwa,WR,19.0,0.0,0.0,0.0,4.41,0.0,209.0,6.0,225,74.0,0.0,UNK,5
EppsDe00,Dedrick Epps,TE,19.0,0.0,0.0,0.0,4.7,0.0,235.0,7.0,250,75.0,0.0,UNK,3
ErtzZa00,Zach Ertz,TE,24.0,111.0,7.08,4.47,4.76,30.5,35.0,2.0,249,77.0,106.90000000000002,UNK,3
ErviTy00,Tyler Ervin,RB,17.0,130.0,0.0,0.0,4.41,39.0,119.0,4.0,192,70.0,5.1,UNK,2
EscoGa00,Gavin Escobar,TE,0.0,114.0,7.07,4.31,4.84,32.0,47.0,2.0,254,78.0,34.4,UNK,3
EuhuTi00,Tim Euhus,TE,25.0,115.0,6.99,4.13,4.93,34.5,109.0,4.0,260,77.0,32.8,UNK,3
EvanDa00,Darren Evans,RB,26.0,111.0,6.96,4.46,4.56,35.0,0.0,0.0,227,72.0,0.0,UNK,2
EvanLe00,Lee Evans,WR,0.0,120.0,0.0,0.0,4.39,34.5,13.0,1.0,197,71.0,200.8,UNK,5
EvanMi00,Mike Evans,WR,12.0,0.0,7.08,4.26,4.53,37.0,7.0,1.0,231,77.0,254.10000000000002,UNK,5
FarmDa00,Danny Farmer,WR,0.0,0.0,0.0,0.0,4.58,0.0,103.0,4.0,217,75.0,48.800000000000004,UNK,5
FasaAn00,Anthony Fasano,TE,19.0,112.0,6.94,4.34,4.72,33.5,53.0,2.0,259,76.0,26.599999999999998,UNK,3
FasaRa00,Randy Fasani,QB,0.0,106.0,6.75,3.87,4.77,31.5,137.0,5.0,224,75.0,12.34,UNK,1
FasoCi00,Ciatrick Fason,RB,0.0,0.0,0.0,0.0,4.58,0.0,112.0,4.0,207,73.0,30.2,UNK,2
FaurJo00,Joseph Fauria,TE,17.0,0.0,0.0,0.0,4.82,0.0,0.0,0.0,259,79.0,80.69999999999999,UNK,3
FeltJe00,Jerome Felton,RB,30.0,110.0,7.2,4.46,4.68,32.5,146.0,5.0,241,72.0,14.700000000000001,UNK,2
FergJo02,Josh Ferguson,RB,21.0,120.0,0.0,0.0,4.48,34.5,0.0,0.0,198,69.0,35.6,UNK,2
FergRo00,Robert Ferguson,WR,0.0,120.0,7.24,4.07,4.48,36.5,41.0,2.0,205,73.0,0.0,UNK,5
FiamTo00,Tony Fiammetta,RB,30.0,112.0,7.31,4.49,4.58,34.0,128.0,4.0,245,72.0,0.0,UNK,2
FiguYa00,Yamon Figurs,WR,0.0,123.0,6.85,4.21,4.3,0.0,74.0,3.0,174,71.0,16.5,UNK,5
FineDe00,Derek Fine,TE,24.0,115.0,6.8,4.19,4.83,29.0,132.0,4.0,251,75.0,25.400000000000002,UNK,3
FinlJe00,Jermichael Finley,TE,20.0,117.0,7.15,4.38,4.82,27.5,91.0,3.0,243,76.0,19.4,UNK,3
FishTo00,Tony Fisher,RB,21.0,126.0,7.0,4.13,4.66,41.5,0.0,0.0,226,73.0,65.3,UNK,2
FitzLa00,Larry Fitzgerald,WR,0.0,0.0,0.0,0.0,4.48,0.0,3.0,1.0,225,75.0,185.39999999999998,UNK,5
FitzRy00,Ryan Fitzpatrick,QB,0.0,105.0,7.09,4.07,4.86,30.5,250.0,7.0,232,74.0,60.480000000000004,UNK,1
FlacJo00,Joe Flacco,QB,0.0,110.0,6.82,4.27,4.84,28.5,18.0,1.0,236,78.0,198.14000000000004,UNK,1
FleeCo00,Coby Fleener,TE,27.0,0.0,0.0,0.0,4.51,0.0,34.0,2.0,247,78.0,66.10000000000001,UNK,3
FlemTr00,Troy Fleming,RB,0.0,120.0,6.94,3.91,4.62,32.0,191.0,6.0,230,72.0,51.400000000000006,UNK,2
FlemZe00,Zeron Flemister,TE,14.0,116.0,6.92,4.16,4.72,37.0,0.0,0.0,249,76.0,1.8,UNK,3
FloyMi00,Michael Floyd,WR,16.0,122.0,0.0,0.0,4.4,36.5,13.0,1.0,220,75.0,116.19999999999999,UNK,5
FlynMa00,Matt Flynn,QB,0.0,109.0,7.21,4.34,4.79,28.0,209.0,7.0,231,74.0,0.6400000000000001,UNK,1
FoleNi00,Nick Foles,QB,0.0,112.0,0.0,0.0,5.03,30.5,88.0,3.0,243,77.0,103.16,UNK,1
FordJa01,Jacoby Ford,WR,15.0,115.0,7.0,4.44,4.28,33.5,108.0,4.0,186,69.0,135.49999999999997,UNK,5
FordMi00,Michael Ford,RB,25.0,130.0,6.87,4.25,4.5,38.5,0.0,0.0,210,69.0,0.0,UNK,2
ForsJu00,Justin Forsett,RB,26.0,112.0,6.96,0.0,4.62,26.5,233.0,7.0,194,68.0,0.0,UNK,2
FortMa00,Matt Forte,RB,23.0,118.0,6.84,4.23,4.44,33.0,44.0,2.0,217,73.0,315.50000000000006,UNK,2
FostAr00,Arian Foster,RB,23.0,0.0,0.0,0.0,4.69,0.0,0.0,0.0,226,73.0,64.0,UNK,2
FostLa00,Larry Foster,WR,0.0,121.0,6.88,4.06,4.55,37.0,0.0,0.0,198,70.0,46.599999999999994,UNK,5
FranBu00,Bubba Franks,TE,0.0,0.0,0.0,0.0,4.85,0.0,14.0,1.0,265,78.0,76.3,UNK,3
FranCa20,Carlos Francis,WR,0.0,114.0,6.97,4.06,4.33,38.5,99.0,4.0,198,69.0,0.0,UNK,5
FranJo01,Johnathan Franklin,RB,18.0,115.0,6.89,4.31,4.49,31.5,125.0,4.0,205,70.0,26.700000000000003,UNK,2
FranWi00,Will Franklin,WR,0.0,0.0,0.0,0.0,4.37,34.5,105.0,4.0,214,72.0,15.3,UNK,5
FreeDe00,Devonta Freeman,RB,0.0,118.0,7.11,4.26,4.58,31.5,103.0,4.0,206,68.0,89.30000000000001,UNK,2
FreeJo00,Josh Freeman,QB,0.0,119.0,7.11,4.43,4.9,33.5,17.0,1.0,248,78.0,115.4,UNK,1
FryeCh00,Charlie Frye,QB,0.0,113.0,6.94,4.08,4.79,33.0,67.0,3.0,225,76.0,63.07999999999999,UNK,1
FulcMo20,Mondriel Fulcher,TE,18.0,116.0,7.46,4.52,4.85,27.0,227.0,7.0,253,75.0,0.0,UNK,3
FullWi01,Will Fuller,WR,10.0,126.0,6.93,4.27,4.32,33.5,21.0,1.0,186,72.0,134.20000000000005,UNK,5
FuncDe00,Devin Funchess,WR,17.0,122.0,0.0,0.0,4.7,38.5,41.0,2.0,232,76.0,111.3,UNK,5
GabbBl00,Blaine Gabbert,QB,0.0,120.0,6.84,4.26,4.61,33.5,10.0,1.0,234,76.0,135.36,UNK,1
GabrDo00,Doug Gabriel,WR,0.0,116.0,7.05,4.16,4.52,35.5,167.0,5.0,213,74.0,8.7,UNK,5
GaffJa00,Jabar Gaffney,WR,0.0,0.0,6.87,4.06,4.56,0.0,33.0,2.0,193,73.0,100.86,UNK,5
GageJu00,Justin Gage,WR,0.0,0.0,0.0,0.0,4.45,0.0,143.0,5.0,217,76.0,65.8,UNK,5
GainMi00,Michael Gaines,TE,18.0,109.0,7.44,4.18,5.06,33.0,232.0,7.0,275,74.0,7.4,UNK,3
GanaTe00,Terrance Ganaway,RB,0.0,119.0,7.15,4.25,4.61,37.5,202.0,6.0,239,71.0,0.0,UNK,2
GantQu00,Quinton Ganther,RB,29.0,119.0,7.19,0.0,4.5,35.0,246.0,7.0,218,69.0,0.0,UNK,2
GarcPi00,Pierre Garcon,WR,20.0,125.0,6.9,4.19,4.42,36.5,205.0,6.0,210,72.0,6.3,UNK,5
GardRo00,Rod Gardner,WR,0.0,0.0,0.0,0.0,4.48,0.0,15.0,1.0,219,74.0,148.70000000000002,UNK,5
GardTa00,Talman Gardner,WR,0.0,116.0,7.54,4.43,4.44,34.5,231.0,7.0,205,73.0,5.9,UNK,5
GaroJi00,Jimmy Garoppolo,QB,0.0,110.0,7.04,4.26,4.97,30.5,62.0,2.0,226,74.0,12.18,UNK,1
GarrDa00,David Garrard,QB,0.0,111.0,7.35,4.26,4.82,33.5,108.0,4.0,235,74.0,37.14,UNK,1
GateCl00,Clyde Gates,WR,16.0,131.0,0.0,0.0,4.31,40.0,111.0,4.0,192,72.0,4.300000000000001,UNK,5
GaylTr00,Trevor Gaylor,WR,0.0,121.0,7.03,4.29,4.56,37.5,111.0,4.0,199,75.0,37.199999999999996,UNK,5
GerhTo00,Toby Gerhart,RB,22.0,118.0,6.94,4.25,4.5,38.0,51.0,2.0,231,72.0,75.89999999999999,UNK,2
GermRe00,Reggie Germany,WR,0.0,0.0,0.0,0.0,4.39,0.0,214.0,7.0,183,73.0,32.3,UNK,5
GettDa00,David Gettis,WR,15.0,124.0,6.94,4.41,4.43,34.5,198.0,6.0,217,75.0,109.0,UNK,5
GibsBr00,Brandon Gibson,WR,0.0,0.0,0.0,0.0,4.59,0.0,194.0,6.0,210,72.0,74.8,UNK,5
GillCr00,Crockett Gillmore,TE,0.0,120.0,7.42,4.44,4.89,33.5,99.0,3.0,260,78.0,28.099999999999998,UNK,3
GillMi00,Mike Gillislee,RB,15.0,119.0,7.12,4.4,4.55,30.5,164.0,5.0,208,71.0,2.1,UNK,2
GilyMa00,Mardy Gilyard,WR,0.0,116.0,6.92,4.4,4.61,39.0,99.0,4.0,187,72.0,12.299999999999999,UNK,5
GinnTe00,Ted Ginn,WR,0.0,0.0,0.0,0.0,4.38,0.0,9.0,1.0,178,71.0,94.3,UNK,5
GiveCh00,Chris Givens,WR,19.0,118.0,6.97,4.23,4.35,33.5,96.0,4.0,198,71.0,134.00000000000003,UNK,5
GiveDa00,David Givens,WR,0.0,126.0,6.82,4.13,4.56,40.5,253.0,7.0,217,72.0,24.2,UNK,5
GlenMi00,Mike Glennon,QB,0.0,102.0,7.49,4.52,4.94,26.5,73.0,3.0,225,79.0,175.01999999999998,UNK,1
GoffJa00,Jared Goff,QB,0.0,110.0,7.17,4.47,4.82,27.0,1.0,1.0,215,76.0,64.16,UNK,1
GonzAn00,Anthony Gonzalez,WR,0.0,123.0,6.54,4.08,4.44,38.0,32.0,1.0,193,72.0,118.60000000000001,UNK,5
GoodMa00,Marquise Goodwin,WR,13.0,132.0,0.0,0.0,4.27,0.0,78.0,3.0,183,69.0,64.60000000000001,UNK,5
GoodMi00,Mike Goodson,RB,14.0,118.0,6.89,4.22,4.43,39.5,111.0,4.0,208,72.0,8.4,UNK,2
GordLa00,Lamar Gordon,RB,16.0,119.0,0.0,0.0,4.55,34.0,84.0,3.0,214,73.0,98.6,UNK,2
GordMe00,Melvin Gordon,RB,19.0,126.0,7.04,4.07,4.52,35.0,15.0,1.0,215,73.0,116.3,UNK,2
GoreFr00,Frank Gore,RB,0.0,0.0,0.0,0.0,4.58,0.0,65.0,3.0,217,69.0,109.9,UNK,2
GradBr00,Bruce Gradkowski,QB,0.0,107.0,7.12,4.16,4.59,34.0,194.0,6.0,217,73.0,109.53999999999999,UNK,1
GragCh00,Chris Gragg,TE,18.0,125.0,7.08,4.51,4.5,37.5,222.0,7.0,244,75.0,16.3,UNK,3
GrahDa00,Daniel Graham,TE,0.0,118.0,0.0,0.0,4.64,36.0,21.0,1.0,248,75.0,36.0,UNK,3
GrahGa00,Garrett Graham,TE,20.0,112.0,7.09,4.35,4.71,34.5,118.0,4.0,243,75.0,0.0,UNK,3
GrahJi00,Jimmy Graham,TE,0.0,120.0,6.9,4.45,4.53,38.5,95.0,3.0,260,78.0,96.89999999999999,UNK,3
GrahRa00,Ray Graham,RB,18.0,112.0,7.17,4.21,4.8,32.5,0.0,0.0,199,69.0,3.0,UNK,2
GranRy01,Ryan Grant,WR,8.0,119.0,6.68,4.11,4.64,35.5,142.0,5.0,199,72.0,13.8,UNK,5
GrayCy00,Cyrus Gray,RB,21.0,114.0,7.17,0.0,4.4,32.5,182.0,6.0,206,70.0,8.200000000000001,UNK,2
GrayGa00,Garrett Grayson,QB,0.0,0.0,0.0,0.0,4.75,0.0,75.0,3.0,213,74.0,0.0,UNK,1
GrayMa00,MarQueis Gray,TE,15.0,111.0,7.25,4.3,4.65,30.0,0.0,0.0,240,75.0,7.1000000000000005,UNK,3
GreeAl00,Alex Green,RB,20.0,114.0,6.91,4.15,4.45,34.0,96.0,3.0,225,72.0,2.7,UNK,2
GreeBe00,BenJarvus Green-Ellis,RB,24.0,114.0,0.0,0.0,4.6,30.5,0.0,0.0,219,71.0,67.2,UNK,2
GreeDo00,Dorial Green-Beckham,WR,13.0,119.0,6.89,4.45,4.49,33.5,40.0,2.0,237,77.0,116.89999999999998,UNK,5
GreeLa00,Ladarius Green,TE,16.0,124.0,7.12,4.47,4.45,34.5,110.0,4.0,238,78.0,9.6,UNK,3
GreeMi00,Mike Green,RB,0.0,118.0,0.0,4.2,4.53,38.5,0.0,0.0,189,72.0,0.0,UNK,2
GreeRa00,Rashad Greene,WR,0.0,122.0,6.88,4.12,4.53,36.5,139.0,5.0,182,71.0,46.300000000000004,UNK,5
GreeSh00,Shonn Greene,RB,19.0,121.0,7.1,4.4,4.55,37.0,65.0,3.0,227,70.0,69.0,UNK,2
GreeSk20,Skyler Green,WR,0.0,118.0,0.0,0.0,4.53,34.0,125.0,4.0,192,69.0,0.0,UNK,5
GreeVi00,Virgil Green,TE,23.0,130.0,6.9,4.4,4.54,42.5,204.0,7.0,249,75.0,5.4,UNK,3
GreeWi01,William Green,RB,27.0,121.0,0.0,0.0,4.6,42.0,16.0,1.0,221,72.0,161.0,UNK,2
GresJe00,Jermaine Gresham,TE,20.0,113.0,7.07,4.53,4.66,35.0,21.0,1.0,261,77.0,123.1,UNK,3
GricMa00,Marion Grice,RB,0.0,0.0,0.0,0.0,4.67,0.0,201.0,6.0,208,72.0,20.0,UNK,2
GrifQu00,Quentin Griffin,RB,21.0,123.0,0.0,4.08,4.48,38.0,108.0,4.0,195,67.0,51.6,UNK,2
GrifRo01,Robert Griffin,QB,0.0,120.0,0.0,0.0,4.33,39.0,2.0,1.0,223,74.0,338.50000000000006,UNK,1
GronDa00,Dan Gronkowski,TE,26.0,122.0,6.92,4.26,4.79,33.0,255.0,7.0,255,77.0,1.4,UNK,3
GronRo00,Rob Gronkowski,TE,23.0,0.0,0.0,0.0,4.68,0.0,42.0,2.0,264,78.0,159.60000000000002,UNK,3
GrosRe00,Rex Grossman,QB,0.0,0.0,0.0,0.0,5.06,0.0,22.0,1.0,217,73.0,24.38,UNK,1
GurlTo01,Todd Gurley,RB,17.0,0.0,0.0,0.0,4.52,0.0,10.0,1.0,222,73.0,225.39999999999998,UNK,2
GutiMa00,Matt Gutierrez,QB,0.0,108.0,6.99,4.28,5.0,29.5,0.0,0.0,232,76.0,-0.7000000000000001,UNK,1
HagaDe00,Derek Hagan,WR,0.0,124.0,0.0,4.07,4.45,36.0,82.0,3.0,208,74.0,49.10000000000001,UNK,5
HallMa00,Max Hall,QB,0.0,102.0,7.07,4.35,4.84,32.0,0.0,0.0,209,73.0,12.3,UNK,1
HallRa02,Rannell Hall,WR,16.0,132.0,6.86,4.15,4.6,41.0,0.0,0.0,198,72.0,0.0,UNK,5
HambTr00,Troy Hambrick,RB,21.0,118.0,7.48,4.44,4.66,34.5,0.0,0.0,237,72.0,2.8000000000000003,UNK,2
HamiDe20,Derrick Hamilton,WR,0.0,0.0,0.0,0.0,4.54,0.0,77.0,3.0,196,75.0,0.0,UNK,5
HamiJo20,Joe Hamilton,QB,0.0,106.0,0.0,0.0,4.81,0.0,234.0,7.0,192,70.0,-0.2,UNK,1
HankLe00,Leonard Hankerson,WR,14.0,117.0,6.94,4.21,4.4,36.0,79.0,3.0,209,73.0,32.300000000000004,UNK,5
HannJa00,James Hanna,TE,24.0,122.0,6.76,4.11,4.43,36.0,186.0,6.0,252,76.0,16.6,UNK,3
HannRy00,Ryan Hannam,TE,18.0,113.0,7.07,4.21,4.69,30.5,169.0,5.0,251,74.0,8.6,UNK,3
HarbCl00,Clay Harbor,TE,30.0,120.0,0.0,4.37,4.62,40.0,125.0,4.0,252,75.0,22.2,UNK,3
HardJa00,James Hardy,WR,18.0,125.0,6.84,4.2,4.45,31.5,41.0,2.0,217,77.0,29.700000000000003,UNK,5
HardJu00,Justin Hardy,WR,11.0,114.0,6.63,4.21,4.56,36.5,107.0,4.0,192,70.0,40.4,UNK,5
HarkCo00,Cory Harkey,TE,13.0,109.0,7.4,4.69,5.06,26.5,0.0,0.0,260,76.0,3.1,UNK,3
HarpCh00,Chris Harper,WR,20.0,116.0,6.89,4.39,4.55,35.5,123.0,4.0,229,73.0,0.0,UNK,5
HarpJa01,Jamie Harper,RB,24.0,120.0,7.16,4.39,4.53,36.5,130.0,4.0,233,71.0,17.6,UNK,2
HarrDw00,Dwayne Harris,WR,10.0,111.0,6.77,4.21,4.53,34.0,176.0,6.0,203,70.0,0.0,UNK,5
HarrJe00,Jerome Harrison,RB,19.0,124.0,6.77,4.07,4.47,34.5,145.0,5.0,201,69.0,19.7,UNK,2
HarrJo00,Joey Harrington,QB,0.0,112.0,7.0,4.21,4.89,32.0,3.0,1.0,215,76.0,127.16,UNK,1
HartBe00,Ben Hartsock,TE,23.0,117.0,7.1,3.98,4.8,35.0,68.0,3.0,263,76.0,7.3,UNK,3
HartBr00,Brian Hartline,WR,0.0,120.0,6.65,4.12,4.49,34.5,108.0,4.0,195,74.0,108.5,UNK,5
HartMi00,Mike Hart,RB,23.0,110.0,0.0,0.0,4.69,28.0,202.0,6.0,206,69.0,3.7,UNK,2
HarvPe00,Percy Harvin,WR,19.0,0.0,0.0,0.0,4.39,0.0,22.0,1.0,192,71.0,203.5,UNK,5
HawkLa00,Lavelle Hawkins,WR,14.0,117.0,0.0,0.0,4.57,0.0,126.0,4.0,187,71.0,13.8,UNK,5
HayeWi00,Windrell Hayes,WR,0.0,0.0,7.33,4.18,4.5,0.0,143.0,5.0,204,71.0,18.8,UNK,5
HaygHe20,Herb Haygood,WR,0.0,114.0,6.65,4.26,4.45,33.0,144.0,5.0,193,71.0,0.0,UNK,5
HaynJo00,Joey Haynos,TE,17.0,123.0,6.92,4.42,4.87,30.5,0.0,0.0,259,80.0,10.200000000000001,UNK,3
HaynVe00,Verron Haynes,RB,25.0,117.0,7.27,4.08,4.78,31.5,166.0,5.0,224,70.0,9.100000000000001,UNK,2
HeapTo00,Todd Heap,TE,0.0,0.0,0.0,0.0,4.68,0.0,31.0,1.0,252,77.0,42.6,UNK,3
HeinKe00,Keith Heinrich,TE,21.0,120.0,6.87,4.1,4.77,35.0,174.0,6.0,255,77.0,0.0,UNK,3
HeluRo00,Roy Helu,RB,11.0,119.0,6.67,4.01,4.4,36.5,105.0,4.0,219,71.0,180.9,UNK,2
HemiJu00,Junior Hemingway,WR,21.0,124.0,6.59,3.98,4.48,35.5,238.0,7.0,225,73.0,0.0,UNK,5
HemiTe00,Temarrick Hemingway,TE,18.0,115.0,6.88,4.31,4.71,30.5,0.0,0.0,244,77.0,0.0,UNK,3
HendDe00,Devery Henderson,WR,0.0,0.0,0.0,0.0,4.41,0.0,50.0,2.0,198,71.0,0.0,UNK,5
HennCh01,Chad Henne,QB,0.0,106.0,7.17,4.4,4.92,25.5,57.0,2.0,230,75.0,2.68,UNK,1
HenrCh00,Chris Henry,WR,0.0,0.0,0.0,0.0,4.5,0.0,83.0,3.0,197,76.0,176.5,UNK,5
HenrCh01,Chris Henry,RB,26.0,127.0,6.96,4.14,4.4,36.0,50.0,2.0,230,71.0,35.2,UNK,2
HenrDe00,Derrick Henry,RB,22.0,130.0,7.2,4.38,4.54,37.0,45.0,2.0,247,75.0,105.69999999999999,UNK,2
HenrHu00,Hunter Henry,TE,13.0,0.0,0.0,0.0,4.79,0.0,35.0,2.0,250,77.0,131.8,UNK,3
HenrTr00,Travis Henry,RB,23.0,0.0,0.0,0.0,4.61,0.0,58.0,2.0,223,69.0,142.8,UNK,2
HernAa00,Aaron Hernandez,TE,0.0,0.0,0.0,0.0,4.64,0.0,113.0,4.0,245,74.0,145.0,UNK,3
HerrDa00,Dan Herron,RB,22.0,117.0,6.97,4.04,4.57,35.0,191.0,6.0,213,70.0,0.5,UNK,2
HerrNo00,Noah Herron,RB,17.0,108.0,6.95,3.97,4.6,31.0,244.0,7.0,224,71.0,24.300000000000004,UNK,2
HerrRo00,Robert Herron,WR,18.0,125.0,6.84,4.27,4.48,35.5,185.0,6.0,193,69.0,17.799999999999997,UNK,5
HestDe99,Devin Hester,WR-PR,16.0,124.0,0.0,0.0,4.41,38.0,57.0,2.0,190,71.0,30.0,UNK,6
HestJa00,Jacob Hester,RB,23.0,111.0,6.85,4.24,4.61,27.5,69.0,3.0,226,71.0,42.60000000000001,UNK,2
HeywDa00,Darrius Heyward-Bey,WR,16.0,126.0,6.8,4.18,4.3,38.5,7.0,1.0,210,74.0,29.299999999999997,UNK,5
HickDw20,Dwone Hicks,RB,29.0,115.0,7.38,4.42,4.6,34.0,0.0,0.0,222,70.0,0.0,UNK,2
HigbTy00,Tyler Higbee,TE,0.0,0.0,0.0,0.0,4.77,0.0,110.0,4.0,249,78.0,25.5,UNK,3
HiggJo00,Johnnie Lee Higgins,WR,0.0,122.0,6.62,4.32,4.48,36.5,99.0,3.0,186,71.0,11.0,UNK,5
HiggRa00,Rashard Higgins,WR,13.0,116.0,0.0,0.0,4.64,32.0,172.0,5.0,196,73.0,13.700000000000001,UNK,5
HillAn00,Anthony Hill,TE,21.0,107.0,7.31,4.56,4.84,30.5,122.0,4.0,262,77.0,1.9,UNK,3
HillJa00,Jason Hill,WR,0.0,123.0,7.02,4.22,4.32,37.0,76.0,3.0,204,72.0,1.6,UNK,5
HillJe01,Jeremy Hill,RB,20.0,113.0,0.0,0.0,4.56,29.0,55.0,2.0,233,73.0,229.89999999999998,UNK,2
HillKa20,Kahlil Hill,WR,0.0,0.0,0.0,0.0,4.65,35.0,184.0,6.0,200,74.0,0.0,UNK,5
HillPe00,Peyton Hillis,RB,26.0,117.0,7.15,0.0,4.64,30.5,227.0,7.0,240,73.0,108.20000000000002,UNK,2
HillRo00,Ronnie Hillman,RB,17.0,0.0,0.0,0.0,4.42,37.0,67.0,3.0,200,69.0,55.199999999999996,UNK,2
HillSt00,Stephen Hill,WR,14.0,133.0,6.88,4.48,4.36,39.5,43.0,2.0,215,76.0,64.2,UNK,5
HogaKe00,Kevin Hogan,QB,0.0,113.0,6.9,4.31,4.78,32.5,162.0,5.0,218,75.0,21.66,UNK,1
HolmAl00,Alex Holmes,TE,18.0,0.0,0.0,0.0,5.04,0.0,0.0,0.0,265,74.0,1.2,UNK,3
HolmSa00,Santonio Holmes,WR,0.0,0.0,0.0,0.0,4.35,0.0,25.0,1.0,188,71.0,153.7,UNK,5
HoltJo00,Johnny Holton,WR,8.0,123.0,0.0,0.0,4.54,31.5,0.0,0.0,190,73.0,9.7,UNK,5
HoomMi00,Michael Hoomanawanui,TE,25.0,0.0,0.0,0.0,4.77,0.0,132.0,5.0,264,76.0,45.6,UNK,3
HoopAu00,Austin Hooper,TE,19.0,117.0,7.0,4.32,4.72,33.0,81.0,3.0,254,76.0,64.1,UNK,3
HopkDe00,DeAndre Hopkins,WR,15.0,115.0,0.0,4.5,4.57,36.0,27.0,1.0,214,73.0,147.20000000000005,UNK,5
HousCe00,Cedric Houston,RB,0.0,0.0,0.0,0.0,4.61,0.0,182.0,6.0,225,71.0,56.8,UNK,2
HousRo01,Rob Housler,TE,22.0,117.0,6.9,4.21,4.46,37.0,69.0,3.0,248,77.0,25.3,UNK,3
HowaJo00,Jordan Howard,RB,16.0,122.0,0.0,0.0,4.57,34.0,150.0,5.0,230,72.0,253.10000000000002,UNK,2
HowrKe00,Keenan Howry,WR,0.0,114.0,7.34,4.28,4.56,31.5,221.0,7.0,178,70.0,3.5,UNK,5
HoyeBr00,Brian Hoyer,QB,0.0,109.0,7.1,4.42,5.02,32.0,0.0,0.0,215,74.0,14.18,UNK,1
HoytOl20,Oliver Hoyte,LB-RB,19.0,112.0,7.47,4.3,4.93,32.0,0.0,0.0,245,75.0,3.0,UNK,0
HuffJo00,Josh Huff,WR,14.0,116.0,0.0,0.0,4.51,35.5,86.0,3.0,206,71.0,24.5,UNK,5
HuntDa21,Dameon Hunter,RB,0.0,113.0,0.0,0.0,4.68,30.5,0.0,0.0,219,71.0,0.0,UNK,2
HuntJa00,Javin Hunter,WR,0.0,129.0,6.84,4.04,4.47,41.0,206.0,6.0,186,71.0,9.4,UNK,5
HuntJu00,Justin Hunter,WR,0.0,136.0,0.0,4.33,4.44,39.5,34.0,2.0,196,76.0,83.4,UNK,5
HuntKe00,Kendall Hunter,RB,24.0,122.0,6.74,4.21,4.46,35.0,115.0,4.0,199,67.0,94.80000000000001,UNK,2
HuntTo01,Tony Hunt,RB,24.0,0.0,0.0,0.0,4.68,0.0,90.0,3.0,233,74.0,7.6,UNK,2
HurnAl01,Allen Hurns,WR,14.0,120.0,7.23,4.5,4.55,31.0,0.0,0.0,198,73.0,160.7,UNK,5
HusaTo20,Todd Husak,QB,0.0,99.0,7.17,4.41,5.2,27.5,202.0,6.0,216,75.0,-0.18,UNK,1
HydeCa00,Carlos Hyde,RB,19.0,114.0,0.0,0.0,4.62,34.5,57.0,2.0,230,72.0,76.10000000000001,UNK,2
IgleJu00,Juaquin Iglesias,WR,0.0,116.0,0.0,4.4,4.44,34.5,99.0,3.0,210,73.0,0.0,UNK,5
IngrMa01,Mark Ingram,RB,21.0,118.0,7.13,4.62,4.62,31.5,28.0,1.0,215,69.0,93.00000000000003,UNK,2
JackAr00,Arnold Jackson,WR,0.0,127.0,7.42,4.11,4.48,41.0,0.0,0.0,167,68.0,13.4,UNK,5
JackBr00,Brandon Jackson,RB,21.0,122.0,7.0,4.14,4.54,37.0,63.0,2.0,210,70.0,64.69999999999999,UNK,2
JackCh00,Chad Jackson,WR,0.0,122.0,6.73,3.97,4.32,38.5,36.0,2.0,213,73.0,48.4,UNK,5
JackDa00,Darrell Jackson,WR,0.0,0.0,0.0,0.0,4.56,0.0,80.0,3.0,197,72.0,160.2,UNK,5
JackDe00,DeSean Jackson,WR,0.0,120.0,0.0,0.0,4.35,0.0,49.0,2.0,169,70.0,191.79999999999998,UNK,5
JackDe01,Dexter Jackson,WR,0.0,122.0,6.81,4.38,4.33,29.5,58.0,2.0,182,69.0,0.0,UNK,5
JackJa00,James Jackson,RB,0.0,0.0,0.0,0.0,4.55,0.0,65.0,3.0,210,70.0,83.0,UNK,2
JackJa01,Jarious Jackson,QB,0.0,109.0,0.0,0.0,4.68,0.0,214.0,7.0,226,72.0,-0.1,UNK,1
JackJe00,Jerrell Jackson,WR,22.0,127.0,6.82,4.11,4.5,41.0,0.0,0.0,196,72.0,0.0,UNK,5
JackRa23,Rashawn Jackson,RB,0.0,117.0,0.0,0.0,4.75,34.5,0.0,0.0,239,73.0,0.0,UNK,2
JackSt00,Steven Jackson,RB,0.0,0.0,0.0,0.0,4.55,0.0,24.0,1.0,241,73.0,135.2,UNK,2
JackTa00,Tarvaris Jackson,QB,22.0,107.0,7.4,4.38,4.69,31.5,64.0,2.0,226,74.0,36.7,UNK,1
JackVi00,Vincent Jackson,WR,0.0,0.0,0.0,0.0,4.46,39.0,61.0,2.0,241,77.0,8.9,UNK,5
JacoBr00,Brandon Jacobs,RB,19.0,118.0,7.53,4.46,4.56,37.0,110.0,4.0,267,76.0,51.90000000000001,UNK,2
JacoNi00,Nic Jacobs,TE,15.0,0.0,0.0,0.0,4.89,0.0,0.0,0.0,269,77.0,9.600000000000001,UNK,3
JacoTa00,Taylor Jacobs,WR,0.0,0.0,0.0,0.0,4.42,0.0,44.0,2.0,205,72.0,12.700000000000001,UNK,5
JameBr00,Brandon James,WR,14.0,0.0,0.0,0.0,4.47,0.0,0.0,0.0,176,66.0,10.0,UNK,5
JameJa00,Javarris James,RB,21.0,115.0,0.0,0.0,4.58,36.0,0.0,0.0,212,72.0,62.5,UNK,2
JameJe00,Jesse James,TE,26.0,121.0,7.53,4.5,4.83,37.5,160.0,5.0,261,79.0,19.6,UNK,3
JameLa00,LaMichael James,RB,15.0,123.0,6.88,4.12,4.35,35.0,61.0,2.0,194,68.0,18.4,UNK,2
JameMi00,Mike James,RB,28.0,115.0,0.0,4.62,4.53,35.0,189.0,6.0,223,70.0,50.88,UNK,2
JaniJe00,Jeff Janis,WR,20.0,123.0,6.64,3.98,4.42,37.5,236.0,7.0,219,75.0,3.6,UNK,5
JarrDw00,Dwayne Jarrett,WR,0.0,0.0,0.0,0.0,4.62,0.0,45.0,2.0,219,76.0,14.4,UNK,5
JeffAl00,Alshon Jeffery,WR,0.0,0.0,0.0,0.0,4.48,0.0,45.0,2.0,216,75.0,78.69999999999999,UNK,5
JenkDa20,Darnell Jenkins,WR,13.0,115.0,7.33,4.37,4.52,26.5,0.0,0.0,187,69.0,0.0,UNK,5
JenkMi00,Michael Jenkins,WR,0.0,0.0,0.0,0.0,4.4,0.0,29.0,1.0,218,76.0,19.1,UNK,5
JenkRo00,Ronney Jenkins,RB,18.0,118.0,0.0,0.0,4.5,0.0,0.0,0.0,184,70.0,7.699999999999999,UNK,2
JennAd00,Adam Jennings,WR,0.0,118.0,6.88,4.12,4.44,37.5,184.0,6.0,181,69.0,-0.4,UNK,5
JennGr00,Greg Jennings,WR,0.0,117.0,6.68,4.16,4.42,36.5,52.0,2.0,197,71.0,132.2,UNK,5
JennRa00,Rashad Jennings,RB,29.0,120.0,6.86,4.2,4.52,34.0,250.0,7.0,231,73.0,52.3,UNK,2
JensMa01,Marcel Jensen,TE,24.0,115.0,7.38,4.6,4.85,35.0,0.0,0.0,259,78.0,1.8,UNK,3
JernJe00,Jerrel Jernigan,WR,11.0,124.0,7.07,4.25,4.46,37.5,83.0,3.0,185,69.0,0.0,UNK,5
JohnAn02,Andre Johnson,WR,0.0,132.0,0.0,0.0,4.41,39.0,3.0,1.0,230,74.0,195.60000000000005,UNK,5
JohnBe00,Bethel Johnson,WR,0.0,127.0,0.0,0.0,4.38,38.5,45.0,2.0,201,71.0,53.699999999999996,UNK,5
JohnBr02,Bryant Johnson,WR,0.0,0.0,0.0,0.0,4.57,0.0,17.0,1.0,214,74.0,84.8,UNK,5
JohnCa00,Calvin Johnson,WR,0.0,0.0,0.0,0.0,4.35,0.0,2.0,1.0,239,77.0,161.8,UNK,5
JohnCh01,Chad Johnson,WR,0.0,108.0,7.51,4.14,4.57,33.0,36.0,2.0,192,73.0,66.9,UNK,5
JohnCh04,Chris Johnson,RB,0.0,130.0,0.0,0.0,4.24,35.0,24.0,1.0,197,71.0,263.8,UNK,2
JohnDa05,David Johnson,TE,21.0,113.0,7.28,4.43,4.73,32.5,241.0,7.0,260,73.0,4.7,UNK,3
JohnDa06,Darius Johnson,WR,6.0,109.0,0.0,4.53,4.6,32.0,0.0,0.0,179,69.0,49.0,UNK,5
JohnDa08,David Johnson,RB,25.0,127.0,6.82,4.27,4.5,41.5,86.0,3.0,224,73.0,220.80000000000004,UNK,2
JohnDo00,Doug Johnson,QB,0.0,96.0,0.0,0.0,4.95,29.5,0.0,0.0,226,74.0,22.340000000000003,UNK,1
JohnDu00,Duke Johnson,RB,0.0,121.0,0.0,0.0,4.54,33.5,77.0,3.0,207,69.0,164.29999999999998,UNK,2
JohnGa01,Gartrell Johnson,RB,20.0,114.0,0.0,0.0,4.67,34.0,134.0,4.0,219,70.0,4.300000000000001,UNK,2
JohnJo05,Josh Johnson,QB,16.0,114.0,6.99,4.25,4.65,35.0,0.0,0.0,199,69.0,2.0,UNK,1
JohnLa00,Larry Johnson,RB,19.0,0.0,0.0,0.0,4.45,0.0,27.0,1.0,228,73.0,15.7,UNK,2
JohnQu00,Quinn Johnson,RB,16.0,115.0,0.0,0.0,4.72,32.0,145.0,5.0,246,73.0,2.4,UNK,2
JohnRo03,Ron Johnson,WR,0.0,118.0,7.12,4.02,4.7,34.5,123.0,4.0,225,74.0,27.4,UNK,5
JohnRo04,Robert Johnson,TE,18.0,115.0,7.15,4.47,4.96,33.5,0.0,0.0,278,78.0,0.0,UNK,3
JohnRu00,Rudi Johnson,RB,24.0,119.0,7.32,4.22,4.57,37.5,100.0,4.0,227,70.0,0.0,UNK,2
JohnSt03,Storm Johnson,RB,16.0,118.0,0.0,0.0,4.6,35.5,222.0,7.0,209,72.0,21.2,UNK,2
JohnTe00,Teyo Johnson,TE,0.0,0.0,0.0,0.0,4.61,33.5,63.0,2.0,247,77.0,32.800000000000004,UNK,3
JollDo00,Doug Jolley,TE,18.0,117.0,6.9,4.18,4.6,38.0,55.0,2.0,251,76.0,87.89999999999999,UNK,3
JoneBr02,Brandon Jones,WR,0.0,114.0,7.03,4.08,4.42,37.0,96.0,3.0,210,73.0,65.0,UNK,5
JoneCa01,Cardale Jones,QB,0.0,0.0,0.0,0.0,4.81,36.0,139.0,4.0,253,77.0,2.7399999999999998,UNK,1
JoneDa02,Daryl Jones,WR,0.0,0.0,0.0,0.0,4.35,0.0,226.0,7.0,180,69.0,17.400000000000002,UNK,5
JoneDo00,Donald Jones,WR,20.0,119.0,6.9,4.2,4.46,41.0,0.0,0.0,214,72.0,45.4,UNK,5
JoneFe00,Felix Jones,RB,0.0,124.0,6.9,4.19,4.44,33.5,22.0,1.0,207,70.0,53.60000000000001,UNK,2
JoneGr01,Greg Jones,RB,0.0,0.0,0.0,0.0,4.55,0.0,55.0,2.0,249,73.0,51.1,UNK,2
JoneJa03,Jacoby Jones,WR,0.0,129.0,7.03,4.31,4.5,34.0,73.0,3.0,210,75.0,29.800000000000004,UNK,5
JoneJa04,James Jones,WR,22.0,119.0,7.06,4.2,4.54,34.0,78.0,3.0,207,73.0,129.60000000000002,UNK,5
JoneJo00,John Jones,TE,13.0,125.0,7.33,4.43,4.63,38.5,0.0,0.0,248,76.0,0.0,UNK,3
JoneJu01,Julius Jones,RB,0.0,121.0,6.97,4.12,4.47,37.5,43.0,2.0,217,70.0,160.8,UNK,2
JoneJu02,Julio Jones,WR,17.0,135.0,6.66,4.25,4.34,38.5,6.0,1.0,220,75.0,218.50000000000003,UNK,5
JoneKe02,Kevin Jones,RB,0.0,120.0,0.0,0.0,4.38,38.0,30.0,1.0,227,72.0,207.29999999999998,UNK,2
JoneLa02,Landry Jones,QB,0.0,115.0,7.12,4.3,5.11,31.0,115.0,4.0,225,76.0,0.0,UNK,1
JoneMa00,Matt Jones,WR,0.0,129.0,0.0,0.0,4.37,39.5,21.0,1.0,242,78.0,117.78,UNK,5
JoneMa02,Marvin Jones,WR,22.0,112.0,6.81,4.11,4.46,33.0,166.0,5.0,199,74.0,48.8,UNK,5
JoneMa04,Matt Jones,RB,20.0,112.0,0.0,4.2,4.61,31.5,95.0,3.0,231,74.0,128.4,UNK,2
JoneTa00,Taiwan Jones,RB,13.0,0.0,0.0,0.0,4.33,0.0,125.0,4.0,194,72.0,42.80000000000001,UNK,2
JoneTe00,Terry Jones,TE,20.0,111.0,7.43,4.43,4.79,33.5,155.0,5.0,265,75.0,27.6,UNK,3
JoneTh00,Thomas Jones,RB,0.0,0.0,0.0,0.0,4.45,0.0,7.0,1.0,216,70.0,102.09999999999998,UNK,2
KaepCo00,Colin Kaepernick,QB,0.0,115.0,6.85,4.18,4.53,32.5,36.0,2.0,233,77.0,1.2000000000000002,UNK,1
KasaNi00,Nick Kasa,TE,22.0,113.0,0.0,0.0,4.71,31.5,172.0,6.0,269,78.0,7.9,UNK,3
KaspKe00,Kevin Kasper,WR,0.0,126.0,6.56,3.73,4.42,43.5,190.0,6.0,199,72.0,18.3,UNK,5
KearJe01,Jermaine Kearse,WR,14.0,119.0,7.03,4.12,4.5,34.0,0.0,0.0,209,73.0,6.1000000000000005,UNK,5
KeatCu00,Curtis Keaton,RB,23.0,131.0,6.82,3.93,4.41,41.5,97.0,4.0,214,70.0,2.4000000000000004,UNK,2
KelcTr00,Travis Kelce,TE,0.0,0.0,0.0,0.0,4.63,0.0,63.0,3.0,255,77.0,0.0,UNK,3
KellDu00,Dustin Keller,TE,26.0,131.0,6.88,4.14,4.53,38.0,30.0,1.0,242,74.0,122.50000000000003,UNK,3
KellMa01,Malcolm Kelly,WR,0.0,0.0,0.0,0.0,4.68,0.0,51.0,2.0,224,76.0,4.800000000000001,UNK,5
KendLa00,Lance Kendricks,TE,25.0,122.0,6.94,4.15,4.65,34.5,47.0,2.0,243,75.0,62.4,UNK,3
KerlJe00,Jeremy Kerley,WR,16.0,120.0,0.0,0.0,4.56,34.5,153.0,5.0,189,69.0,70.84,UNK,5
KessCo00,Cody Kessler,QB,0.0,104.0,7.32,4.0,4.89,29.5,93.0,3.0,220,73.0,82.0,UNK,1
KighKe00,Kelvin Kight,WR,0.0,109.0,7.18,4.24,4.56,34.0,0.0,0.0,213,72.0,0.0,UNK,5
KingAn00,Andre King,WR,0.0,0.0,0.0,0.0,4.61,0.0,245.0,7.0,199,72.0,25.900000000000002,UNK,5
KingJe00,Jeff King,TE,21.0,109.0,6.99,4.09,4.83,32.5,155.0,5.0,245,77.0,7.1,UNK,3
KinnEr00,Erron Kinney,TE,0.0,0.0,0.0,0.0,4.9,0.0,68.0,3.0,272,78.0,44.699999999999996,UNK,3
KlopJo00,Joe Klopfenstein,TE,27.0,112.0,7.39,4.21,4.63,36.0,46.0,2.0,255,78.0,48.6,UNK,3
KnoxJo00,Johnny Knox,WR,0.0,122.0,6.81,4.15,4.34,35.0,140.0,5.0,185,71.0,133.70000000000002,UNK,5
KolbKe00,Kevin Kolb,QB,0.0,112.0,6.94,4.44,4.85,32.5,36.0,2.0,218,75.0,-0.2,UNK,1
KrauRy00,Ryan Krause,TE,18.0,119.0,6.78,4.16,4.6,33.5,169.0,6.0,244,74.0,19.1,UNK,3
KrenCr00,Craig Krenzel,QB,0.0,112.0,7.22,4.08,4.84,28.0,148.0,5.0,228,75.0,38.82,UNK,1
KrofTy00,Tyler Kroft,TE,17.0,0.0,0.0,0.0,4.75,0.0,85.0,3.0,246,77.0,29.9,UNK,3
LaFeBr00,Brandon LaFell,WR,0.0,115.0,6.81,4.23,4.58,36.0,78.0,3.0,211,74.0,96.8,UNK,5
LacyEd00,Eddie Lacy,RB,0.0,0.0,0.0,0.0,4.55,0.0,61.0,2.0,231,71.0,256.50000000000006,UNK,2
LandJa00,Jarvis Landry,WR,12.0,110.0,0.0,0.0,4.65,28.5,63.0,2.0,205,71.0,189.4,UNK,5
LangJe00,Jeremy Langford,RB,0.0,118.0,7.22,4.32,4.42,34.5,106.0,4.0,208,72.0,148.6,UNK,2
LascDa00,Daniel Lasco,RB,23.0,135.0,7.22,4.26,4.46,41.5,237.0,7.0,209,72.0,6.300000000000001,UNK,2
LatiCo00,Cody Latimer,WR,23.0,0.0,0.0,0.0,4.52,0.0,56.0,2.0,215,74.0,4.300000000000001,UNK,5
LawrQu00,Quinten Lawrence,WR,20.0,0.0,0.0,0.0,4.4,0.0,175.0,6.0,184,72.0,6.1,UNK,5
LaynGe00,George Layne,RB,0.0,115.0,7.08,4.19,4.59,32.0,108.0,4.0,242,71.0,0.0,UNK,2
LeexCh00,Charles Lee,WR,0.0,125.0,7.3,4.25,4.56,35.5,242.0,7.0,202,73.0,23.400000000000002,UNK,5
LeexDo00,Donald Lee,TE,26.0,120.0,7.42,4.42,4.82,39.0,156.0,5.0,249,75.0,24.0,UNK,3
LeexMa00,Marqise Lee,WR,0.0,127.0,0.0,4.01,4.52,38.0,39.0,2.0,192,72.0,86.10000000000001,UNK,5
LeftBy00,Byron Leftwich,QB,0.0,0.0,0.0,0.0,4.85,0.0,7.0,1.0,241,77.0,178.55999999999997,UNK,1
LeinMa00,Matt Leinart,QB,0.0,0.0,0.0,0.0,4.9,0.0,10.0,1.0,223,77.0,153.78,UNK,1
LeliAs00,Ashley Lelie,WR,0.0,0.0,0.0,0.0,4.49,0.0,19.0,1.0,197,75.0,106.5,UNK,5
LeonBr00,Brian Leonard,RB,28.0,122.0,6.88,4.22,4.52,34.5,52.0,2.0,226,73.0,81.60000000000001,UNK,2
LewiDi00,Dion Lewis,RB,17.0,112.0,6.9,4.18,4.56,34.5,149.0,5.0,193,67.0,16.9,UNK,2
LewiJa00,Jamal Lewis,RB,23.0,0.0,0.0,0.0,4.58,0.0,5.0,1.0,240,72.0,244.0,UNK,2
LewiMa00,Marcedes Lewis,TE,23.0,118.0,7.24,4.82,4.8,37.0,28.0,1.0,261,78.0,31.6,UNK,3
LewiMi00,Michael Lewis,WR,16.0,122.0,6.96,4.14,4.6,36.5,58.0,2.0,211,73.0,50.5,UNK,5
LewiRo03,Roger Lewis,WR,8.0,116.0,0.0,0.0,4.57,33.5,0.0,0.0,201,72.0,28.700000000000003,UNK,5
LindRy00,Ryan Lindley,QB,0.0,108.0,7.52,4.45,4.86,29.5,185.0,6.0,229,76.0,26.78,UNK,1
LippTo00,Tony Lippett,WR,10.0,114.0,6.92,4.13,4.61,36.0,156.0,5.0,192,74.0,0.0,UNK,5
LittGr00,Greg Little,WR,27.0,129.0,6.8,4.21,4.51,40.5,59.0,2.0,231,74.0,148.4,UNK,5
LloyBr00,Brandon Lloyd,WR,0.0,0.0,0.0,0.0,4.62,36.0,124.0,4.0,184,72.0,47.2,UNK,5
LockJa00,Jake Locker,QB,0.0,120.0,6.77,4.12,4.51,35.0,8.0,1.0,231,74.0,49.28,UNK,1
LockRi00,Ricardo Lockette,WR,0.0,127.0,7.15,4.19,4.34,35.5,0.0,0.0,211,74.0,18.5,UNK,5
LockTy00,Tyler Lockett,WR,0.0,121.0,6.89,4.07,4.4,35.5,69.0,3.0,182,70.0,170.4,UNK,5
LouiRi00,Ricardo Louis,WR,18.0,132.0,0.0,0.0,4.43,38.0,114.0,4.0,215,74.0,38.50000000000001,UNK,5
LuckAn00,Andrew Luck,QB,0.0,124.0,6.8,4.28,4.59,36.0,1.0,1.0,234,76.0,322.46,UNK,1
LukeTr00,Triandos Luke,WR,0.0,124.0,7.06,4.17,4.51,38.0,171.0,6.0,199,71.0,11.2,UNK,5
LumpKr00,Kregg Lumpkin,RB,22.0,111.0,0.0,0.0,4.68,28.0,0.0,0.0,226,71.0,7.1000000000000005,UNK,2
LundWa00,Wali Lundy,RB,18.0,111.0,6.99,4.36,4.48,35.0,170.0,6.0,214,71.0,128.0,UNK,2
LuzaCh00,Chris Luzar,TE,22.0,115.0,6.84,4.17,4.76,32.5,118.0,4.0,270,79.0,1.5,UNK,3
LymaDu00,Dustin Lyman,TE,22.0,118.0,6.86,4.06,4.7,35.0,87.0,3.0,259,76.0,1.4,UNK,3
LyncMa00,Marshawn Lynch,RB,20.0,125.0,7.05,4.55,4.46,35.5,12.0,1.0,215,71.0,203.21999999999994,UNK,2
LyncPa00,Paxton Lynch,QB,0.0,118.0,7.14,4.26,4.86,36.0,26.0,1.0,244,79.0,29.379999999999995,UNK,1
MaclJe00,Jeremy Maclin,WR,0.0,0.0,0.0,0.0,4.43,0.0,19.0,1.0,198,72.0,159.60000000000002,UNK,5
MaddNi20,Nick Maddox,RB,18.0,115.0,7.33,4.5,4.65,33.5,0.0,0.0,211,71.0,0.0,UNK,2
MadiAd00,Adrian Madise,WR,0.0,119.0,7.32,4.26,4.49,32.0,158.0,5.0,215,71.0,4.0,UNK,5
MaehJe00,Jeff Maehl,WR,0.0,115.0,6.42,3.94,4.56,33.5,0.0,0.0,190,73.0,0.0,UNK,5
MageTe00,Terrence Magee,RB,22.0,115.0,7.52,4.37,4.62,37.0,0.0,0.0,213,68.0,1.7,UNK,2
MaheRe00,Reno Mahe,RB,0.0,109.0,7.27,4.23,4.68,32.0,0.0,0.0,198,69.0,1.5,UNK,2
MailMa00,Marcus Mailei,RB,22.0,113.0,7.36,4.33,4.87,35.0,0.0,0.0,248,72.0,0.0,UNK,2
MannEl00,Eli Manning,QB,0.0,0.0,0.0,0.0,4.9,0.0,1.0,1.0,221,77.0,60.22,UNK,1
MannMa01,Mario Manningham,WR,16.0,117.0,7.34,4.27,4.59,32.0,95.0,3.0,181,72.0,5.3999999999999995,UNK,5
MannSe00,Sean Mannion,QB,0.0,105.0,7.29,4.39,5.14,31.0,89.0,3.0,229,78.0,1.24,UNK,1
ManuBr00,Brandon Manumaleuna,TE,0.0,106.0,7.49,4.26,4.99,30.0,129.0,4.0,275,74.0,7.1,UNK,3
ManzJo00,Johnny Manziel,QB,0.0,113.0,6.75,4.03,4.68,31.5,22.0,1.0,207,72.0,13.9,UNK,1
MareOw00,Owen Marecic,RB,22.0,102.0,7.1,4.56,4.87,28.5,124.0,4.0,248,72.0,8.899999999999999,UNK,2
MariMa01,Marcus Mariota,QB,0.0,121.0,6.87,4.11,4.52,36.0,2.0,1.0,222,76.0,236.02000000000007,UNK,1
MaroLa00,Laurence Maroney,RB,0.0,0.0,0.0,0.0,4.48,0.0,21.0,1.0,217,72.0,160.90000000000003,UNK,2
MarsBr00,Brandon Marshall,WR,0.0,120.0,0.0,0.0,4.52,37.0,119.0,4.0,229,76.0,419.70000000000005,UNK,5
MarsBy01,Byron Marshall,RB,17.0,0.0,0.0,0.0,4.42,0.0,0.0,0.0,201,69.0,10.400000000000002,UNK,2
MarsJa01,Jalin Marshall,WR,16.0,125.0,6.8,4.13,4.6,37.5,0.0,0.0,200,70.0,42.2,UNK,5
MarsRa00,Rasheed Marshall,WR,0.0,121.0,6.81,3.95,4.51,38.0,174.0,5.0,185,72.0,0.19999999999999996,UNK,5
MartDa00,David Martin,TE,0.0,0.0,0.0,0.0,4.76,0.0,198.0,6.0,242,76.0,33.4,UNK,3
MartDo00,Doug Martin,RB,28.0,120.0,6.79,4.16,4.46,36.0,31.0,1.0,223,69.0,328.6,UNK,2
MartIn00,Ingle Martin,QB,0.0,111.0,7.13,4.17,4.71,36.0,148.0,5.0,220,74.0,-0.5,UNK,1
MartKe01,Keshawn Martin,WR,13.0,122.0,6.85,4.13,4.42,39.5,121.0,4.0,188,71.0,29.800000000000004,UNK,5
MasoTr00,Tre Mason,RB,0.0,126.0,0.0,4.15,4.5,38.5,75.0,3.0,207,68.0,143.29999999999998,UNK,2
MassMo00,Mohamed Massaquoi,WR,0.0,127.0,0.0,0.0,4.51,36.5,50.0,2.0,210,73.0,120.10000000000002,UNK,5
MassTi20,Tim Massaquoi,TE,32.0,0.0,0.0,0.0,4.85,0.0,244.0,7.0,259,75.0,0.0,UNK,3
MastJe20,Jeron Mastrud,TE,0.0,0.0,0.0,0.0,4.82,0.0,0.0,0.0,256,77.0,0.0,UNK,3
MathJe00,Jerome Mathis,WR,0.0,123.0,0.0,0.0,4.28,35.5,114.0,4.0,181,71.0,29.5,UNK,5
MathRy00,Ryan Mathews,RB,19.0,121.0,7.0,4.33,4.37,36.0,12.0,1.0,218,72.0,149.29999999999998,UNK,2
MattJo00,Jordan Matthews,WR,21.0,120.0,6.95,4.18,4.46,35.5,42.0,2.0,212,75.0,211.20000000000002,UNK,5
MattRi00,Rishard Matthews,WR,20.0,0.0,6.88,4.19,4.54,36.0,227.0,7.0,217,72.0,26.1,UNK,5
MaylVi00,Vince Mayle,WR,0.0,117.0,6.93,4.13,4.67,35.5,123.0,4.0,224,74.0,0.0,UNK,5
MaysLe00,Lee Mays,WR,0.0,119.0,7.08,4.17,4.55,32.5,202.0,6.0,190,73.0,0.0,UNK,5
McAdJa00,Jason McAddley,WR,0.0,123.0,6.83,4.09,4.47,36.5,149.0,5.0,203,73.0,70.2,UNK,5
McAlDe00,Deuce McAllister,RB,0.0,0.0,0.0,0.0,4.41,0.0,23.0,1.0,222,73.0,57.17999999999999,UNK,2
McBrTr00,Tre McBride,WR,16.0,122.0,6.96,4.08,4.41,38.0,245.0,7.0,210,72.0,9.600000000000001,UNK,5
McCaJu00,Justin McCareins,WR,0.0,129.0,7.06,3.99,4.51,41.0,124.0,4.0,209,74.0,11.8,UNK,5
McClDe00,Dexter McCluster,WR,20.0,118.0,0.0,4.06,4.53,37.5,36.0,2.0,172,69.0,60.99999999999999,UNK,5
McCoAn00,Anthony McCoy,TE,19.0,113.0,6.99,4.57,4.71,35.5,185.0,6.0,259,76.0,0.0,UNK,3
McCoCo00,Colt McCoy,QB,0.0,114.0,0.0,0.0,4.79,0.0,85.0,3.0,216,73.0,99.94000000000001,UNK,1
McCoJo01,Josh McCown,QB,0.0,120.0,6.85,3.9,4.59,38.5,81.0,3.0,221,76.0,2.6399999999999997,UNK,1
McCoLe01,LeSean McCoy,RB,0.0,0.0,0.0,0.0,4.5,0.0,53.0,2.0,198,70.0,158.5,UNK,2
McCoLu00,Luke McCown,QB,0.0,125.0,6.74,4.21,4.71,37.5,106.0,4.0,208,76.0,35.81999999999999,UNK,1
McCoQu00,Quentin McCord,WR,0.0,112.0,7.17,4.18,4.48,36.5,236.0,7.0,191,70.0,9.4,UNK,5
McCuSu00,Sultan McCullough,RB,27.0,0.0,0.0,0.0,4.49,0.0,0.0,0.0,202,71.0,5.2,UNK,2
McDoKe01,Kevin McDougal,RB,0.0,108.0,7.08,4.12,4.63,32.0,0.0,0.0,206,71.0,0.0,UNK,2
McDoSh00,Shaun McDonald,WR,0.0,0.0,0.0,0.0,4.43,0.0,106.0,4.0,169,68.0,16.9,UNK,5
McDoVa00,Vance McDonald,TE,31.0,119.0,7.08,4.53,4.69,33.5,55.0,2.0,267,76.0,19.900000000000002,UNK,3
McFaDa00,Darren McFadden,RB,0.0,128.0,0.0,0.0,4.33,33.0,4.0,1.0,211,73.0,134.39999999999998,UNK,2
McKiJe00,Jerick McKinnon,RB,32.0,132.0,6.83,4.12,4.41,40.5,96.0,3.0,209,69.0,100.29999999999998,UNK,2
McKiKe00,Kenny McKinley,WR,0.0,113.0,6.96,4.1,4.37,37.0,141.0,5.0,189,72.0,0.0,UNK,5
McKnJo00,Joe McKnight,RB,18.0,120.0,0.0,0.0,4.4,36.5,112.0,4.0,198,71.0,26.900000000000002,UNK,2
McMaMi00,Mike McMahon,QB,0.0,124.0,7.12,4.12,4.57,37.5,149.0,5.0,207,74.0,58.339999999999996,UNK,1
McMiRa01,Randy McMichael,TE,18.0,112.0,7.58,4.28,4.88,29.5,114.0,4.0,247,75.0,112.3,UNK,3
McMuBi00,Billy McMullen,WR,0.0,0.0,0.0,0.0,4.61,0.0,95.0,3.0,210,76.0,1.2,UNK,5
McNeRe00,Reggie McNeal,QB,0.0,121.0,6.96,4.25,4.4,32.0,193.0,6.0,198,74.0,0.8,UNK,1
McNuMa00,Marvin McNutt,WR,0.0,122.0,7.15,4.07,4.48,37.0,194.0,6.0,216,75.0,0.0,UNK,5
MeieSh00,Shad Meier,TE,20.0,113.0,7.14,4.15,4.85,34.0,90.0,3.0,256,77.0,6.1,UNK,3
MendRa00,Rashard Mendenhall,RB,26.0,117.0,0.0,4.18,4.41,33.5,23.0,1.0,225,70.0,9.5,UNK,2
MettZa00,Zach Mettenberger,QB,0.0,0.0,0.0,0.0,0.0,0.0,178.0,6.0,224,77.0,84.88,UNK,1
MichCh00,Christine Michael,RB,27.0,125.0,6.69,4.02,4.54,43.0,62.0,2.0,220,70.0,7.9,UNK,2
MillBr03,Braxton Miller,WR,17.0,123.0,6.65,4.07,4.5,35.0,85.0,3.0,201,73.0,30.900000000000002,UNK,5
MillHe00,Heath Miller,TE,0.0,0.0,0.0,0.0,4.79,0.0,30.0,1.0,256,77.0,120.89999999999999,UNK,3
MillLa01,Lamar Miller,RB,0.0,0.0,0.0,0.0,4.34,33.0,97.0,4.0,212,71.0,41.5,UNK,2
MillLo00,Lonyae Miller,RB,26.0,120.0,7.2,4.54,4.43,36.5,0.0,0.0,221,71.0,0.0,UNK,2
MillZa01,Zach Miller,TE,0.0,115.0,7.01,4.42,4.87,34.0,38.0,2.0,256,76.0,106.4,UNK,3
MilnMa00,Martrez Milner,TE,19.0,117.0,7.35,4.49,4.79,34.0,133.0,4.0,252,76.0,14.0,UNK,3
MinnMa00,Snoop Minnis,WR,0.0,115.0,7.06,4.07,4.57,37.5,77.0,3.0,171,73.0,90.1,UNK,5
MinoTr00,Travis Minor,RB,9.0,115.0,0.0,0.0,4.44,32.0,85.0,3.0,197,70.0,101.4,UNK,2
MitcCa00,Carlton Mitchell,WR,16.0,122.0,6.96,4.55,4.46,36.0,177.0,6.0,215,75.0,0.9,UNK,5
MitcFr00,Freddie Mitchell,WR,0.0,120.0,6.95,4.06,4.46,39.5,25.0,1.0,185,71.0,54.9,UNK,5
MitcMa00,Marko Mitchell,WR,9.0,116.0,7.04,4.33,4.43,32.0,243.0,7.0,218,76.0,7.200000000000001,UNK,5
MitcMa01,Malcolm Mitchell,WR,15.0,129.0,6.94,4.34,4.45,36.0,112.0,4.0,198,72.0,96.10000000000002,UNK,5
MoatRy00,Ryan Moats,RB,19.0,117.0,7.22,4.1,4.46,36.0,77.0,3.0,210,68.0,53.5,UNK,2
MoeaTo00,Tony Moeaki,TE,18.0,113.0,7.1,4.42,4.69,34.0,93.0,3.0,245,75.0,120.6,UNK,3
MoncDo00,Donte Moncrief,WR,13.0,132.0,7.02,4.3,4.4,39.5,90.0,3.0,221,74.0,102.1,UNK,5
MontSc00,Scottie Montgomery,WR,0.0,117.0,7.16,4.11,4.57,36.0,0.0,0.0,196,72.0,2.0,UNK,5
MontTy01,Ty Montgomery,WR,0.0,121.0,6.97,4.21,4.55,40.5,94.0,3.0,221,72.0,42.0,UNK,5
MoorCh00,Chris Moore,WR,10.0,130.0,6.76,4.2,4.53,37.0,107.0,4.0,206,73.0,13.499999999999998,UNK,5
MoorCl00,Clarence Moore,WR,0.0,122.0,6.84,4.16,4.55,34.0,199.0,6.0,211,78.0,77.30000000000001,UNK,5
MoorDe02,Denarius Moore,WR,13.0,118.0,6.78,4.15,4.43,36.0,148.0,5.0,194,72.0,145.9,UNK,5
MoorMe00,Mewelde Moore,RB,0.0,118.0,7.05,4.12,4.65,35.0,119.0,4.0,209,71.0,94.7,UNK,2
MoraJo00,Johnnie Morant,WR,0.0,130.0,7.34,4.22,4.51,41.0,134.0,5.0,229,76.0,3.0,UNK,5
MoreFr00,Frank Moreau,RB,23.0,117.0,0.0,0.0,4.57,36.0,115.0,4.0,231,73.0,41.9,UNK,2
MoreKn00,Knowshon Moreno,RB,25.0,115.0,6.84,4.27,4.5,35.5,12.0,1.0,217,71.0,198.0,UNK,2
MoreVe00,Vernand Morency,RB,19.0,108.0,7.02,4.12,4.66,33.5,73.0,3.0,212,70.0,49.10000000000001,UNK,2
MorgDa01,David Morgan,TE,0.0,0.0,0.0,0.0,0.0,0.0,0.0,0.0,262,76.0,1.4,UNK,3
MorgJo00,Josh Morgan,WR,0.0,0.0,0.0,0.0,4.46,0.0,174.0,6.0,219,72.0,69.9,UNK,5
MorgQu00,Quincy Morgan,WR,0.0,0.0,0.0,0.0,4.48,0.0,33.0,2.0,211,73.0,87.9,UNK,5
MorrAl00,Alfred Morris,RB,16.0,117.0,7.01,4.19,4.63,35.5,173.0,6.0,219,70.0,279.00000000000006,UNK,2
MorrCa00,Cameron Morrah,TE,24.0,115.0,6.99,4.36,4.61,32.5,248.0,7.0,244,75.0,1.3,UNK,3
MorrMa00,Maurice Morris,RB,23.0,119.0,0.0,0.0,4.53,38.5,54.0,2.0,208,71.0,26.8,UNK,2
MorrSa00,Sammy Morris,RB,23.0,117.0,7.05,4.21,4.65,37.5,156.0,5.0,221,72.0,133.9,UNK,2
MorrSy00,Sylvester Morris,WR,0.0,119.0,7.06,4.17,4.6,34.5,21.0,1.0,216,75.0,141.04000000000002,UNK,5
MortCh00,Chad Morton,RB,18.0,121.0,0.0,0.0,4.5,36.0,166.0,5.0,182,68.0,64.9,UNK,2
MossSa00,Santana Moss,WR,0.0,0.0,0.0,0.0,4.31,0.0,16.0,1.0,184,70.0,5.4,UNK,5
MossSi00,Sinorice Moss,WR,0.0,0.0,0.0,0.0,4.38,0.0,44.0,2.0,185,68.0,7.5,UNK,5
MumpKe00,Keith Mumphery,WR,0.0,121.0,7.07,4.25,4.54,32.5,175.0,5.0,215,72.0,26.900000000000006,UNK,5
MurpLo00,Louis Murphy,WR,12.0,0.0,0.0,0.0,4.32,0.0,124.0,4.0,203,74.0,116.20000000000002,UNK,5
MurpMa03,Marcus Murphy,RB,11.0,109.0,0.0,4.4,4.61,29.0,230.0,7.0,198,69.0,6.0,UNK,2
MurpTe00,Terrence Murphy,WR,0.0,0.0,0.0,0.0,4.39,0.0,58.0,2.0,202,73.0,8.600000000000001,UNK,5
MurrDe00,DeMarco Murray,RB,21.0,124.0,7.28,4.18,4.37,34.5,71.0,3.0,213,72.0,155.0,UNK,2
NaanLe00,Legedu Naanee,WR,19.0,119.0,0.0,0.0,4.41,40.0,172.0,5.0,225,74.0,14.900000000000002,UNK,5
NancMa00,Martin Nance,WR,0.0,112.0,6.91,4.08,4.55,33.5,0.0,0.0,213,76.0,7.300000000000001,UNK,5
NatkBr00,Brian Natkin,TE,20.0,98.0,7.78,4.59,4.95,27.0,0.0,0.0,251,74.0,6.2,UNK,3
NavaJo00,John Navarre,QB,0.0,100.0,7.73,4.46,5.19,26.5,202.0,7.0,246,78.0,6.719999999999999,UNK,1
NelsJo00,Jordy Nelson,WR,0.0,123.0,7.03,4.35,4.51,31.0,36.0,2.0,217,75.0,81.60000000000001,UNK,5
NelsSh00,Shawn Nelson,TE,19.0,115.0,6.96,4.46,4.52,33.0,121.0,4.0,240,77.0,38.6,UNK,3
NewsJa00,Jamar Newsome,WR,13.0,129.0,6.83,4.22,4.46,38.5,0.0,0.0,200,72.0,0.0,UNK,5
NewtCa00,Cam Newton,QB,0.0,126.0,6.92,4.18,4.56,35.0,1.0,1.0,248,77.0,396.33999999999986,UNK,1
NickHa01,Hakeem Nicks,WR,0.0,0.0,0.0,0.0,4.51,36.0,29.0,1.0,212,73.0,168.79999999999998,UNK,5
NiklTr00,Troy Niklas,TE,27.0,114.0,7.57,4.55,4.84,32.0,52.0,2.0,270,78.0,6.800000000000001,UNK,3
NormJo00,Josh Norman,TE,18.0,115.0,0.0,0.0,4.65,32.0,0.0,0.0,236,74.0,42.1,UNK,3
NortDe00,Dennis Northcutt,WR,0.0,123.0,6.96,4.04,4.43,37.5,32.0,2.0,175,70.0,84.5,UNK,5
NorwJe00,Jerious Norwood,RB,15.0,122.0,6.81,4.25,4.4,36.5,79.0,3.0,210,72.0,103.5,UNK,2
NorwJo00,Jordan Norwood,WR,0.0,119.0,6.8,4.2,4.58,38.0,0.0,0.0,179,71.0,0.0,UNK,5
NorwKe00,Kevin Norwood,WR,8.0,121.0,6.68,4.32,4.48,33.0,123.0,4.0,198,74.0,19.200000000000003,UNK,5
OConKe00,Kevin O'Connell,QB,0.0,113.0,7.01,4.38,4.61,31.0,94.0,3.0,225,77.0,0.31999999999999995,UNK,1
OLeaDa20,Dan O'Leary,TE,16.0,113.0,7.4,4.31,5.02,32.0,195.0,6.0,252,76.0,0.0,UNK,3
OLeaNi00,Nick O'Leary,TE,21.0,110.0,7.4,4.5,4.93,30.5,194.0,6.0,252,75.0,4.7,UNK,3
OgboCh00,Chris Ogbonnaya,RB,19.0,111.0,6.85,4.29,4.57,35.0,211.0,7.0,220,72.0,7.9,UNK,2
OgleKe00,Kevin Ogletree,WR,0.0,122.0,6.67,4.08,4.36,36.0,0.0,0.0,196,72.0,17.200000000000003,UNK,5
OlseGr00,Greg Olsen,TE,23.0,114.0,7.04,4.48,4.51,35.5,31.0,1.0,254,78.0,90.1,UNK,3
OmonXa00,Xavier Omon,RB,17.0,112.0,0.0,0.0,4.52,31.0,179.0,6.0,228,71.0,0.5,UNK,2
OrloDa00,Dan Orlovsky,QB,0.0,107.0,7.33,4.39,4.93,29.5,145.0,5.0,225,77.0,2.52,UNK,1
OrtoKy00,Kyle Orton,QB,0.0,0.0,7.38,4.52,5.06,26.5,106.0,4.0,233,76.0,102.16,UNK,1
OsgoKa00,Kassim Osgood,WR,0.0,122.0,7.19,4.44,4.68,31.0,0.0,0.0,208,77.0,55.800000000000004,UNK,5
OsweBr00,Brock Osweiler,QB,0.0,0.0,0.0,0.0,4.83,0.0,57.0,2.0,242,79.0,-0.8200000000000002,UNK,1
OwenCh00,Chad Owens,WR,0.0,116.0,6.7,3.94,4.62,37.0,185.0,6.0,183,67.0,0.0,UNK,5
OwenJo00,John Owens,TE,21.0,117.0,0.0,0.0,4.77,38.5,138.0,5.0,265,75.0,9.9,UNK,3
OwusCh00,Chris Owusu,WR,19.0,129.0,6.85,4.11,4.36,40.5,0.0,0.0,196,72.0,3.4000000000000004,UNK,5
PainCu00,Curtis Painter,QB,0.0,102.0,7.0,4.48,4.87,29.0,201.0,6.0,225,75.0,1.7200000000000002,UNK,1
ParkDe01,DeVante Parker,WR,17.0,125.0,0.0,0.0,4.45,36.5,14.0,1.0,209,75.0,96.4,UNK,5
ParkPr00,Preston Parker,WR,16.0,117.0,0.0,4.16,4.59,35.0,0.0,0.0,199,71.0,8.9,UNK,5
ParkSa00,Samie Parker,WR,0.0,0.0,0.0,0.0,4.39,36.0,105.0,4.0,179,70.0,28.7,UNK,5
ParmJa00,Jalen Parmele,RB,19.0,125.0,6.96,4.29,4.47,34.0,176.0,6.0,224,71.0,2.7,UNK,2
ParrRo00,Roscoe Parrish,WR,0.0,0.0,0.0,0.0,4.37,0.0,55.0,2.0,168,70.0,35.72,UNK,5
PascBe00,Bear Pascoe,TE,0.0,107.0,7.65,4.55,4.89,26.5,184.0,6.0,251,77.0,1.9,UNK,3
PatrBe00,Ben Patrick,TE,0.0,111.0,7.21,4.31,4.74,34.5,215.0,7.0,252,75.0,26.3,UNK,3
PattCo00,Cordarrelle Patterson,WR,0.0,128.0,0.0,0.0,4.42,37.0,29.0,1.0,216,74.0,164.7,UNK,5
PattQu00,Quinton Patton,WR,8.0,118.0,6.91,4.01,4.53,33.0,128.0,4.0,204,72.0,9.0,UNK,5
PaulDa01,David Paulson,TE,21.0,110.0,7.18,4.4,4.79,32.0,240.0,7.0,246,75.0,12.1,UNK,3
PaulNi00,Niles Paul,WR,24.0,117.0,6.9,4.14,4.45,34.5,155.0,5.0,224,73.0,5.2,UNK,5
PaytJo00,Jordan Payton,WR,0.0,121.0,7.08,4.33,4.47,34.5,154.0,5.0,207,73.0,1.3,UNK,5
PeadIs00,Isaiah Pead,RB,0.0,116.0,6.95,4.32,4.39,33.0,50.0,2.0,197,70.0,10.0,UNK,2
PeakCh00,Charone Peake,WR,12.0,122.0,6.96,4.46,4.45,35.5,241.0,7.0,209,74.0,37.6,UNK,5
PearAl00,Alvin Pearman,RB,24.0,114.0,7.06,4.08,4.63,34.0,127.0,4.0,208,69.0,76.9,UNK,2
PeelJu00,Justin Peelle,TE,21.0,110.0,7.34,4.29,4.75,29.0,103.0,4.0,255,76.0,4.5,UNK,3
PeerCe00,Cedric Peerman,RB,27.0,117.0,6.99,4.29,4.34,40.0,185.0,6.0,216,69.0,0.0,UNK,2
PennCh01,Chad Pennington,QB,0.0,111.0,7.12,4.16,4.81,33.5,18.0,1.0,229,75.0,6.68,UNK,1
PerkPa00,Paul Perkins,RB,19.0,124.0,0.0,0.0,4.54,32.0,149.0,5.0,208,70.0,79.8,UNK,2
PerrCh00,Chris Perry,RB,19.0,0.0,0.0,0.0,4.56,0.0,26.0,1.0,224,72.0,6.4,UNK,2
PerrTa00,Tab Perry,WR,0.0,116.0,7.0,0.0,4.46,34.0,190.0,6.0,229,74.0,19.0,UNK,5
PeteAd00,Adrian Peterson,RB,14.0,119.0,7.59,4.6,4.68,34.0,199.0,6.0,214,70.0,190.26,UNK,2
PeteAd01,Adrian Peterson,RB,0.0,127.0,7.09,4.4,4.4,38.5,7.0,1.0,217,73.0,275.90000000000003,UNK,2
PettAu00,Austin Pettis,WR,14.0,120.0,6.68,3.88,4.56,33.5,78.0,3.0,209,75.0,52.0,UNK,5
PettBr00,Brandon Pettigrew,TE,22.0,118.0,7.12,4.37,4.8,33.0,20.0,1.0,263,77.0,76.60000000000001,UNK,3
PhilJo00,John Phillips,TE,20.0,112.0,6.84,4.27,4.78,33.5,208.0,6.0,251,77.0,13.200000000000001,UNK,3
PhilMa20,Mareno Philyaw,WR,0.0,129.0,6.93,4.13,4.66,39.5,172.0,6.0,205,74.0,0.0,UNK,5
PianZa00,Zack Pianalto,TE,22.0,108.0,6.85,4.41,4.78,32.0,0.0,0.0,256,75.0,8.0,UNK,3
PickCo00,Cody Pickett,QB,0.0,109.0,7.19,4.3,4.79,30.5,217.0,7.0,233,75.0,0.7000000000000002,UNK,1
PierBe00,Bernard Pierce,RB,17.0,123.0,7.07,4.28,4.45,36.5,84.0,3.0,218,72.0,73.89999999999999,UNK,2
PierBr00,Brett Pierce,TE,19.0,103.0,7.13,4.37,4.95,27.0,0.0,0.0,250,77.0,0.0,UNK,3
PikeTo00,Tony Pike,QB,0.0,108.0,7.06,4.53,4.9,28.5,204.0,6.0,223,78.0,1.8800000000000001,UNK,1
PilaKe00,Kealoha Pilares,WR,19.0,0.0,0.0,0.0,4.42,0.0,132.0,5.0,199,70.0,6.0,UNK,5
PinkTo00,Todd Pinkston,WR,0.0,0.0,0.0,0.0,4.45,0.0,36.0,2.0,169,74.0,28.1,UNK,5
PinnAr00,Artose Pinner,RB,0.0,0.0,0.0,0.0,4.68,0.0,99.0,4.0,229,70.0,18.900000000000002,UNK,2
PittAn00,Antonio Pittman,RB,16.0,123.0,6.84,4.16,4.4,35.5,107.0,4.0,207,71.0,18.400000000000002,UNK,2
PittDe00,Dennis Pitta,TE,27.0,113.0,6.72,4.17,4.68,34.0,114.0,4.0,245,76.0,1.1,UNK,3
PoliLo00,Lousaka Polite,RB,28.0,117.0,7.45,4.18,4.68,32.0,0.0,0.0,246,72.0,1.4,UNK,2
PolkCh00,Chris Polk,RB,0.0,111.0,7.13,4.21,4.52,31.5,0.0,0.0,215,70.0,0.0,UNK,2
PondCh00,Christian Ponder,QB,0.0,116.0,6.85,4.09,4.63,34.0,12.0,1.0,229,74.0,138.01999999999998,UNK,1
PopeLe00,Leonard Pope,TE,22.0,118.0,7.47,4.67,4.62,37.5,72.0,3.0,258,80.0,32.099999999999994,UNK,3
PortCl00,Clinton Portis,RB,0.0,0.0,0.0,0.0,4.42,0.0,51.0,2.0,204,71.0,346.20000000000005,UNK,2
PortJe00,Jerry Porter,WR,0.0,0.0,0.0,0.0,4.48,0.0,47.0,2.0,221,74.0,1.6,UNK,5
PoseDe00,DeVier Posey,WR,14.0,123.0,7.03,4.15,4.39,36.5,68.0,3.0,211,74.0,14.4,UNK,5
PottZa99,Zach Potter,TE,20.0,106.0,7.75,4.48,4.9,31.0,0.0,0.0,279,79.0,1.3,UNK,3
PoweBi00,Bilal Powell,RB,18.0,0.0,0.0,0.0,4.51,0.0,126.0,4.0,207,70.0,3.8000000000000003,UNK,2
PrenTr00,Travis Prentice,RB,23.0,115.0,6.92,4.4,4.5,37.0,63.0,3.0,225,72.0,155.29999999999998,UNK,2
PresDa01,Dak Prescott,QB,0.0,116.0,7.11,4.32,4.79,32.5,135.0,4.0,226,74.0,304.88,UNK,1
PricTa00,Taylor Price,WR,16.0,114.0,6.82,4.34,4.4,37.0,90.0,3.0,204,72.0,7.1000000000000005,UNK,5
PrinRy20,Ryan Prince,TE,20.0,102.0,7.65,4.45,4.99,31.0,0.0,0.0,257,76.0,0.0,UNK,3
PruiMy00,MyCole Pruitt,TE,17.0,118.0,7.25,4.37,4.58,38.0,143.0,5.0,251,74.0,18.900000000000002,UNK,3
QuarAn00,Andrew Quarless,TE,23.0,112.0,0.0,0.0,4.68,32.0,154.0,5.0,254,76.0,50.800000000000004,UNK,3
QuicBr00,Brian Quick,WR,15.0,119.0,7.1,4.23,4.5,34.0,33.0,2.0,220,75.0,38.6,UNK,5
QuinBr00,Brady Quinn,QB,24.0,0.0,0.0,0.0,4.73,0.0,22.0,1.0,232,76.0,1.8,UNK,1
QuinRi00,Richard Quinn,TE,24.0,119.0,7.5,4.62,4.88,32.5,64.0,2.0,264,76.0,0.0,UNK,3
RagoDa00,Dave Ragone,QB,0.0,101.0,7.42,4.36,4.99,30.5,88.0,3.0,249,76.0,10.000000000000002,UNK,1
RainCh00,Chris Rainey,RB,16.0,120.0,6.5,3.93,4.36,36.5,159.0,5.0,180,68.0,42.20000000000001,UNK,2
RambKe00,Ken-Yon Rambo,WR,0.0,0.0,0.0,0.0,4.34,0.0,229.0,7.0,196,73.0,5.800000000000001,UNK,5
RamsPa00,Patrick Ramsey,QB,0.0,112.0,7.12,4.09,5.24,33.5,32.0,1.0,219,74.0,98.46,UNK,1
RandAn00,Antwaan Randle El,WR,0.0,0.0,0.0,0.0,4.49,0.0,62.0,2.0,191,70.0,129.09999999999997,UNK,5
RandJo01,Joseph Randle,RB,0.0,123.0,0.0,0.0,4.63,35.0,151.0,5.0,204,72.0,42.5,UNK,2
RandRu00,Rueben Randle,WR,15.0,121.0,6.99,4.36,4.55,31.0,63.0,2.0,210,75.0,66.8,UNK,5
RattTi00,Tim Rattay,QB,0.0,100.0,7.34,4.21,4.91,25.5,212.0,7.0,215,72.0,-0.26,UNK,1
RawlTh00,Thomas Rawls,RB,15.0,116.0,0.0,0.0,4.65,35.5,0.0,0.0,215,69.0,141.6,UNK,2
ReddSi00,Silas Redd,RB,18.0,122.0,0.0,0.0,4.7,37.0,0.0,0.0,212,70.0,32.2,UNK,2
RedmCh00,Chris Redman,QB,0.0,98.0,7.8,4.78,5.37,26.5,75.0,3.0,222,75.0,0.76,UNK,1
ReedDa00,David Reed,WR,15.0,114.0,6.95,4.38,4.56,37.0,156.0,5.0,191,72.0,7.5,UNK,5
ReedJo01,Josh Reed,WR,0.0,0.0,0.0,0.0,4.54,0.0,36.0,2.0,210,70.0,102.90000000000002,UNK,5
ReedJo02,Jordan Reed,TE,16.0,0.0,0.0,0.0,4.72,0.0,85.0,3.0,236,74.0,117.70000000000002,UNK,3
ReidGa00,Gabe Reid,TE,23.0,119.0,7.49,4.32,4.82,37.0,0.0,0.0,255,75.0,0.0,UNK,3
ReidWi00,Willie Reid,WR,0.0,117.0,7.06,4.26,4.34,37.5,95.0,3.0,188,70.0,0.0,UNK,5
ReisAl00,Allen Reisner,TE,14.0,108.0,7.31,4.59,4.9,28.0,0.0,0.0,248,74.0,1.5,UNK,3
ReynDa00,Darius Reynaud,WR,20.0,130.0,6.88,4.32,4.48,34.5,0.0,0.0,201,69.0,0.0,UNK,5
RiceRa00,Ray Rice,RB,23.0,119.0,6.65,4.2,4.42,31.5,55.0,2.0,199,68.0,108.70000000000002,UNK,2
RiceSi01,Sidney Rice,WR,0.0,119.0,7.09,4.34,4.51,39.5,44.0,2.0,200,75.0,98.36,UNK,5
RichPa01,Paul Richardson,WR,0.0,124.0,7.09,0.0,4.4,38.0,45.0,2.0,175,72.0,62.10000000000001,UNK,5
RichTr00,Trent Richardson,RB,0.0,0.0,0.0,0.0,4.48,0.0,3.0,1.0,228,69.0,263.7,UNK,2
RiddTh00,Theo Riddick,RB,0.0,118.0,0.0,0.0,4.68,32.0,199.0,6.0,201,70.0,15.100000000000001,UNK,2
RidlSt00,Stevan Ridley,RB,18.0,118.0,6.78,4.21,4.65,36.0,73.0,3.0,225,71.0,54.39999999999999,UNK,2
RingJa00,Javon Ringer,RB,23.0,115.0,6.87,4.11,4.5,34.0,173.0,5.0,205,69.0,4.8,UNK,2
RiveMa00,Marcellus Rivers,TE,7.0,113.0,7.04,4.25,4.84,32.5,0.0,0.0,247,76.0,16.1,UNK,3
RiveMy00,Mychal Rivera,TE,17.0,112.0,7.17,4.43,4.81,31.0,184.0,6.0,242,75.0,102.69999999999999,UNK,3
RivePh00,Philip Rivers,QB,0.0,0.0,0.0,0.0,5.08,0.0,4.0,1.0,229,77.0,4.819999999999999,UNK,1
RobeAn00,Andre Roberts,WR,15.0,120.0,6.77,4.15,4.4,36.0,88.0,3.0,195,71.0,69.7,UNK,5
RobeMi00,Mike Roberg,TE,16.0,117.0,7.28,4.4,4.75,34.5,227.0,7.0,256,76.0,0.0,UNK,3
RobiAl02,Allen Robinson,WR,0.0,127.0,7.0,4.0,4.6,39.0,61.0,2.0,220,75.0,114.80000000000001,UNK,5
RobiBr00,Brian Robiskie,WR,0.0,0.0,6.72,4.19,4.46,37.5,36.0,2.0,209,75.0,17.6,UNK,5
RobiDe00,Denard Robinson,WR,0.0,123.0,7.09,4.22,4.43,36.5,135.0,5.0,199,70.0,6.6,UNK,5
RobiDe01,Demarcus Robinson,WR,0.0,123.0,6.77,4.19,4.59,34.5,126.0,4.0,203,73.0,0.0,UNK,5
RobiJo02,Josh Robinson,RB,21.0,113.0,0.0,0.0,4.7,32.0,205.0,6.0,217,68.0,13.2,UNK,2
RobiKe00,Kevin Robinson,WR,0.0,115.0,7.31,4.77,4.69,27.5,182.0,6.0,202,71.0,0.0,UNK,5
RobiKo00,Koren Robinson,WR,0.0,0.0,0.0,0.0,4.61,0.0,9.0,1.0,211,73.0,99.9,UNK,5
RobiLa01,Laurent Robinson,WR,19.0,127.0,6.83,4.28,4.38,39.0,75.0,3.0,199,74.0,89.69999999999999,UNK,5
RobiRy00,Ryne Robinson,WR,0.0,123.0,6.71,4.21,4.47,35.0,118.0,4.0,179,69.0,7.5,UNK,5
RobyCo00,Courtney Roby,WR,0.0,126.0,6.6,3.94,4.41,36.5,68.0,3.0,189,72.0,57.49999999999999,UNK,5
RodgAa00,Aaron Rodgers,QB,0.0,110.0,7.38,0.0,4.71,34.5,24.0,1.0,223,74.0,2.3000000000000003,UNK,1
RodgJa00,Jacquizz Rodgers,RB,0.0,113.0,7.31,4.26,4.59,33.0,145.0,5.0,196,66.0,72.3,UNK,2
RodgRi00,Richard Rodgers,TE,16.0,116.0,7.23,4.47,4.87,31.5,98.0,3.0,257,76.0,54.5,UNK,3
RodrEv00,Evan Rodriguez,TE,18.0,119.0,6.94,4.28,4.53,36.0,111.0,4.0,239,73.0,6.1000000000000005,UNK,3
RoetBe00,Ben Roethlisberger,QB,0.0,0.0,0.0,0.0,4.75,0.0,11.0,1.0,241,77.0,185.23999999999998,UNK,1
RogeCh01,Charles Rogers,WR,0.0,0.0,0.0,0.0,4.4,0.0,2.0,1.0,202,74.0,66.0,UNK,5
RogeDa01,Da'Rick Rogers,WR,10.0,132.0,6.71,4.06,4.5,39.5,0.0,0.0,217,74.0,48.2,UNK,5
RosaDa00,Dante Rosario,TE,20.0,115.0,6.96,4.47,4.78,36.0,155.0,5.0,244,75.0,28.799999999999997,UNK,3
RossCo00,Cory Ross,RB,15.0,0.0,0.0,0.0,4.58,0.0,0.0,0.0,201,66.0,0.0,UNK,2
RossDe00,Derrick Ross,RB,20.0,112.0,7.0,4.35,4.56,35.0,0.0,0.0,226,70.0,0.8,UNK,2
RoweJe00,Jeff Rowe,QB,0.0,114.0,7.16,4.42,4.91,29.5,151.0,5.0,226,77.0,0.0,UNK,1
RoyaEd00,Eddie Royal,WR,24.0,124.0,7.07,4.34,4.39,36.0,42.0,2.0,184,70.0,238.90000000000003,UNK,5
RoysEv00,Evan Royster,RB,20.0,113.0,7.07,4.18,4.65,34.0,177.0,6.0,212,72.0,54.60000000000001,UNK,2
RuckMa00,Martin Rucker,TE,20.0,0.0,0.0,0.0,4.75,0.0,111.0,4.0,251,77.0,3.7,UNK,3
RudoKy00,Kyle Rudolph,TE,0.0,0.0,0.0,0.0,4.83,0.0,43.0,2.0,259,78.0,68.9,UNK,3
RussGa00,Gary Russell,RB,9.0,113.0,0.0,4.54,4.77,31.5,0.0,0.0,229,70.0,2.1,UNK,2
RussJa00,JaMarcus Russell,QB,0.0,0.0,0.0,0.0,4.83,0.0,1.0,1.0,265,77.0,19.32,UNK,1
RyanMa00,Matt Ryan,QB,0.0,0.0,7.4,4.51,4.89,0.0,3.0,1.0,228,77.0,213.0,UNK,1
RyanSe00,Sean Ryan,TE,22.0,115.0,0.0,0.0,4.97,32.5,144.0,5.0,268,76.0,0.0,UNK,3
SainBr00,Brandon Saine,RB,22.0,113.0,6.98,4.25,4.4,34.5,0.0,0.0,220,71.0,23.8,UNK,2
SalaGr00,Greg Salas,WR,15.0,120.0,6.65,4.1,4.53,37.0,112.0,4.0,210,73.0,54.199999999999996,UNK,5
SampDe00,DeMarco Sampson,WR,14.0,0.0,0.0,0.0,4.41,0.0,249.0,7.0,204,74.0,6.6,UNK,5
SancMa00,Mark Sanchez,QB,0.0,116.0,7.06,4.21,4.93,32.5,5.0,1.0,227,74.0,154.36000000000004,UNK,1
SandAc00,Ace Sanders,WR,7.0,117.0,6.81,4.37,4.58,32.0,101.0,4.0,173,67.0,110.64,UNK,5
SandEm00,Emmanuel Sanders,WR,12.0,126.0,6.64,4.1,4.4,39.5,82.0,3.0,186,71.0,77.60000000000001,UNK,5
SankBi00,Bishop Sankey,RB,26.0,126.0,6.75,4.0,4.49,35.5,54.0,2.0,209,69.0,100.19999999999999,UNK,2
SantTo00,Tom Santi,TE,14.0,121.0,7.08,4.27,4.8,36.0,196.0,6.0,250,75.0,22.4,UNK,3
SanuMo00,Mohamed Sanu,WR,19.0,126.0,6.88,4.22,4.62,36.0,83.0,3.0,211,73.0,63.82,UNK,5
SanzDa00,Dane Sanzenbacher,WR,0.0,118.0,6.46,3.97,4.56,33.5,0.0,0.0,182,71.0,72.2,UNK,5
SappCe00,Cecil Sapp,RB,0.0,0.0,0.0,0.0,4.55,0.0,0.0,0.0,229,71.0,3.1,UNK,2
SaunJa00,Jalen Saunders,WR,0.0,122.0,0.0,0.0,4.44,34.0,104.0,4.0,165,69.0,1.7000000000000002,UNK,5
SaunWe00,Weslye Saunders,TE,19.0,116.0,0.0,0.0,4.93,33.5,0.0,0.0,270,77.0,12.9,UNK,3
SavaDa20,Dantrell Savage,RB,13.0,117.0,0.0,0.0,4.53,32.5,0.0,0.0,187,68.0,7.300000000000001,UNK,2
SavaTo00,Tom Savage,QB,0.0,105.0,7.33,4.36,4.97,27.0,135.0,4.0,228,76.0,3.4799999999999995,UNK,1
SaxtWe01,Wes Saxton,TE,0.0,119.0,7.29,4.49,4.65,36.0,0.0,0.0,248,75.0,0.0,UNK,3
ScaiBo00,Bo Scaife,TE,24.0,114.0,7.21,4.12,4.75,32.5,179.0,6.0,249,75.0,76.3,UNK,3
SchaMa00,Matt Schaub,QB,0.0,110.0,7.65,4.62,5.04,30.5,90.0,3.0,243,78.0,15.8,UNK,1
ScheTo00,Tony Scheffler,TE,17.0,115.0,6.81,4.01,4.54,33.5,61.0,2.0,254,77.0,70.9,UNK,3
SchmOw00,Owen Schmitt,RB,26.0,0.0,0.0,0.0,4.73,0.0,163.0,5.0,247,74.0,11.0,UNK,2
SchoDe00,Derek Schouman,TE-FB,27.0,122.0,7.0,4.27,4.74,37.5,222.0,7.0,247,74.0,4.9,UNK,4
SchoMa00,Matt Schobel,TE,0.0,0.0,0.0,0.0,0.0,34.5,67.0,3.0,263,77.0,60.2,UNK,3
ScotBe00,Bernard Scott,RB,21.0,125.0,6.82,4.08,4.44,36.0,209.0,6.0,200,70.0,52.800000000000004,UNK,2
ScotDa01,Da'Rel Scott,RB,19.0,117.0,7.15,4.2,4.4,34.0,221.0,7.0,211,71.0,4.9,UNK,2
ScotRa01,Rashawn Scott,WR,17.0,116.0,0.0,0.0,4.54,32.5,0.0,0.0,199,73.0,0.0,UNK,5
SefeAu00,Austin Seferian-Jenkins,TE,20.0,0.0,0.0,0.0,4.75,0.0,38.0,2.0,262,77.0,55.1,UNK,3
SeidMi00,Mike Seidman,TE,20.0,0.0,0.0,0.0,4.8,0.0,76.0,3.0,261,76.0,8.5,UNK,3
SharTa00,Tajae Sharpe,WR,11.0,114.0,0.0,0.0,4.55,33.5,0.0,0.0,194,74.0,105.3,UNK,5
ShawCo00,Connor Shaw,QB,0.0,116.0,7.07,4.33,4.66,34.0,0.0,0.0,206,72.0,6.98,UNK,1
SheaAa00,Aaron Shea,TE,0.0,114.0,6.72,4.3,4.81,37.5,110.0,4.0,253,76.0,72.2,UNK,3
SheeKo00,Kory Sheets,RB,15.0,121.0,7.18,4.39,4.39,37.0,0.0,0.0,208,71.0,0.5,UNK,2
ShepSt00,Sterling Shepard,WR,20.0,123.0,7.0,4.35,4.48,41.0,40.0,2.0,194,70.0,187.4,UNK,5
SherAn00,Anthony Sherman,RB,32.0,111.0,7.23,4.41,4.74,32.5,136.0,5.0,242,70.0,15.500000000000002,UNK,2
ShiaVi00,Visanthe Shiancoe,TE,28.0,120.0,7.09,4.31,4.65,39.5,91.0,3.0,251,76.0,27.599999999999998,UNK,3
ShipJo00,Jordan Shipley,WR,16.0,116.0,0.0,0.0,4.6,36.5,84.0,3.0,193,71.0,133.0,UNK,5
ShipMa00,Marcel Shipp,RB,18.0,115.0,0.0,0.0,4.71,32.5,0.0,0.0,222,71.0,0.0,UNK,2
ShocJe00,Jeremy Shockey,TE,0.0,0.0,0.0,0.0,4.64,0.0,14.0,1.0,255,77.0,181.4,UNK,3
ShorCe00,Cecil Shorts,WR,21.0,114.0,6.5,4.07,4.5,34.5,114.0,4.0,205,72.0,11.0,UNK,5
SimpCh00,Chad Simpson,RB,0.0,124.0,0.0,0.0,4.4,32.5,0.0,0.0,216,69.0,16.5,UNK,2
SimpJe00,Jerome Simpson,WR,0.0,136.0,7.08,4.52,4.42,37.5,46.0,2.0,199,74.0,1.2,UNK,5
SimsCh00,Charles Sims,RB,17.0,126.0,7.16,4.3,4.48,37.5,69.0,3.0,214,72.0,62.5,UNK,2
SimsDi00,Dion Sims,TE,22.0,112.0,7.36,4.52,4.75,35.0,106.0,4.0,262,77.0,15.200000000000001,UNK,3
SkelJo00,John Skelton,QB,0.0,108.0,7.17,4.33,4.85,33.5,155.0,5.0,243,77.0,37.38,UNK,1
SlatSt00,Steve Slaton,RB,19.0,118.0,0.0,0.0,4.45,33.5,89.0,3.0,197,69.0,290.90000000000003,UNK,2
SmalWe00,Wendell Smallwood,RB,14.0,120.0,6.83,4.28,4.47,33.5,153.0,5.0,208,70.0,54.7,UNK,2
SmitAl02,Alex Smith,TE,0.0,113.0,6.82,3.96,4.71,32.0,1.0,1.0,217,76.0,179.39999999999998,UNK,3
SmitAl03,Alex Smith,QB,0.0,113.0,6.82,3.96,4.71,32.0,1.0,1.0,217,76.0,76.60000000000001,UNK,1
SmitBr01,Brad Smith,WR/KR,0.0,128.0,7.0,4.33,4.46,39.5,103.0,4.0,213,74.0,25.400000000000006,UNK,8
SmitDe04,Devin Smith,WR,10.0,122.0,0.0,4.15,4.42,39.0,37.0,2.0,196,72.0,26.5,UNK,5
SmitGe00,Geno Smith,QB,0.0,124.0,0.0,0.0,4.58,33.5,39.0,2.0,218,74.0,226.74,UNK,1
SmitJe02,Jerome Smith,RB,14.0,118.0,7.53,4.6,4.84,36.0,0.0,0.0,220,71.0,0.0,UNK,2
SmitJo00,Jonathan Smith,WR,0.0,114.0,0.0,4.35,4.78,32.5,214.0,7.0,194,70.0,12.200000000000001,UNK,5
SmitKe02,Kevin Smith,RB,0.0,120.0,6.74,4.49,4.53,32.0,64.0,3.0,217,73.0,219.2,UNK,2
SmitKo00,Kolby Smith,RB,18.0,114.0,7.22,4.34,4.5,38.0,148.0,5.0,220,71.0,92.5,UNK,2
SmitLe00,Lee Smith,TE,25.0,108.0,7.13,4.28,4.94,29.0,159.0,5.0,266,78.0,5.1,UNK,3
SmitMa01,Marcus Smith,WR,20.0,111.0,7.1,4.42,4.51,26.5,106.0,4.0,221,73.0,0.0,UNK,5
SmitMu00,Musa Smith,RB,0.0,123.0,0.0,0.0,4.45,35.5,77.0,3.0,232,73.0,15.1,UNK,2
SmitOn00,Onterrio Smith,RB,19.0,0.0,0.0,0.0,4.48,0.0,105.0,4.0,220,70.0,121.8,UNK,2
SmitPa00,Paul Smith,RB,25.0,0.0,0.0,0.0,4.65,0.0,132.0,5.0,220,71.0,14.7,UNK,2
SmitRo05,Rodney Smith,WR,0.0,120.0,7.03,4.07,4.51,34.5,0.0,0.0,225,76.0,0.0,UNK,5
SmitSt01,Steve Smith,WR,0.0,121.0,7.44,4.25,4.41,38.5,74.0,3.0,184,69.0,472.3,UNK,5
SmitSt02,Steve Smith,WR,0.0,120.0,6.68,4.19,4.44,38.0,51.0,2.0,197,72.0,14.3,UNK,5
SmitTo02,Torrey Smith,WR,19.0,126.0,6.72,4.13,4.41,41.0,58.0,2.0,204,73.0,186.00000000000006,UNK,5
SmitTr02,Troy Smith,QB,0.0,0.0,0.0,0.0,4.72,0.0,174.0,5.0,225,72.0,37.480000000000004,UNK,1
SnelJa00,Jason Snelling,RB,0.0,111.0,7.06,4.37,4.79,30.0,244.0,7.0,230,71.0,10.3,UNK,2
SpadRy00,Ryan Spadola,WR,15.0,119.0,6.72,4.07,4.48,33.5,0.0,0.0,204,73.0,0.0,UNK,5
SpaeMa00,Matt Spaeth,TE,0.0,0.0,0.0,0.0,4.83,0.0,77.0,3.0,270,79.0,26.400000000000002,UNK,3
SperKo00,Kory Sperry,TE,20.0,122.0,7.0,4.24,4.69,33.5,0.0,0.0,238,77.0,12.1,UNK,3
SproDa00,Darren Sproles,RB,23.0,105.0,6.96,3.96,4.47,33.0,130.0,4.0,187,66.0,9.0,UNK,2
StacDa00,Dave Stachelski,TE,24.0,115.0,6.84,4.14,4.78,38.0,141.0,5.0,250,75.0,0.0,UNK,3
StacZa00,Zac Stacy,RB,27.0,122.0,6.7,4.17,4.55,33.0,160.0,5.0,216,68.0,197.4,UNK,2
StafMa00,Matthew Stafford,QB,0.0,107.0,7.06,4.47,4.81,30.5,1.0,1.0,225,74.0,148.48000000000005,UNK,1
StalDo00,Donte' Stallworth,WR,0.0,0.0,0.0,0.0,4.22,0.0,13.0,1.0,197,72.0,152.60000000000002,UNK,5
StanIs00,Isaiah Stanback,WR,22.0,0.0,0.0,0.0,4.6,0.0,103.0,4.0,216,74.0,0.0,UNK,5
StarJa00,James Starks,RB,15.0,119.0,6.89,4.23,4.5,36.0,193.0,6.0,218,74.0,13.600000000000001,UNK,2
StarKe21,Kendrick Starling,WR,0.0,119.0,6.88,3.87,4.49,31.5,0.0,0.0,193,73.0,0.0,UNK,5
StepTr01,Travis Stephens,RB,15.0,121.0,0.0,0.0,4.6,32.0,119.0,4.0,194,68.0,1.6,UNK,2
StevCr00,Craig Stevens,TE,27.0,114.0,7.07,4.31,4.59,27.5,85.0,3.0,254,75.0,1.9,UNK,3
StevJe00,Jerramy Stevens,TE,0.0,0.0,0.0,0.0,4.77,0.0,28.0,1.0,265,79.0,69.19999999999999,UNK,3
StewJo00,Jonathan Stewart,RB,28.0,128.0,0.0,0.0,4.46,36.5,13.0,1.0,235,70.0,191.69999999999996,UNK,2
StewTo00,Tony Stewart,TE,0.0,109.0,7.3,4.4,4.96,35.5,147.0,5.0,256,77.0,16.2,UNK,3
StilKe00,Kenny Stills,WR,16.0,124.0,0.0,4.35,4.38,33.5,144.0,5.0,194,72.0,130.1,UNK,5
StitSh00,Shyrone Stith,RB,13.0,111.0,7.14,4.14,4.6,35.0,243.0,7.0,204,67.0,11.5,UNK,2
StocLu00,Luke Stocker,TE,27.0,115.0,7.03,4.4,4.68,33.0,104.0,4.0,258,77.0,21.200000000000003,UNK,3
StonJa01,Jake Stoneburner,TE,18.0,116.0,7.12,4.27,4.65,34.5,0.0,0.0,252,75.0,0.0,UNK,3
StovMa00,Maurice Stovall,WR,0.0,122.0,6.81,4.14,4.57,35.0,90.0,3.0,217,76.0,20.1,UNK,5
StreDe00,Devin Street,WR,0.0,124.0,6.89,4.01,4.55,37.0,146.0,5.0,198,75.0,3.8,UNK,5
StroDa20,Darrell Strong,TE,17.0,110.0,6.86,4.36,4.78,25.0,0.0,0.0,268,76.0,0.0,UNK,3
StroJa01,Jaelen Strong,WR,0.0,123.0,0.0,0.0,4.44,42.0,70.0,3.0,217,74.0,48.1,UNK,5
StroSa00,Sammie Stroughter,WR,13.0,110.0,7.03,4.28,4.45,30.0,233.0,7.0,189,69.0,76.4,UNK,5
StutBo00,Boone Stutz,TE,0.0,0.0,0.0,0.0,5.06,0.0,0.0,0.0,259,78.0,0.0,UNK,3
SuggLe00,Lee Suggs,RB,0.0,0.0,0.0,0.0,4.44,0.0,115.0,4.0,202,72.0,45.900000000000006,UNK,2
SuthVi00,Vinny Sutherland,WR,0.0,0.0,0.0,0.0,4.48,0.0,136.0,5.0,192,69.0,3.1,UNK,5
SuttTy00,Tyrell Sutton,RB,0.0,114.0,6.94,4.32,4.64,33.0,0.0,0.0,211,68.0,19.000000000000004,UNK,2
SweeLi00,Limas Sweed,WR,0.0,0.0,0.0,0.0,4.48,35.0,53.0,2.0,215,76.0,12.4,UNK,5
SypnQu00,Quinn Sypniewski,TE,20.0,114.0,7.09,4.52,4.77,32.5,166.0,5.0,268,78.0,3.5,UNK,3
TaliLo00,Lorenzo Taliaferro,RB,18.0,118.0,6.88,4.22,4.58,33.0,138.0,4.0,229,72.0,72.6,UNK,2
TammJa00,Jacob Tamme,TE,18.0,109.0,6.99,4.27,4.58,30.0,127.0,4.0,236,75.0,4.2,UNK,3
TannRy00,Ryan Tannehill,QB,0.0,0.0,0.0,0.0,4.65,0.0,8.0,1.0,221,76.0,202.85999999999999,UNK,1
TantJa00,Jay Tant,TE,31.0,0.0,0.0,0.0,4.75,0.0,164.0,5.0,255,75.0,1.4,UNK,3
TateBr00,Brandon Tate,WR,0.0,0.0,0.0,0.0,4.52,0.0,83.0,3.0,183,72.0,1.1,UNK,5
TateGo00,Golden Tate,WR,17.0,120.0,7.12,4.34,4.42,35.0,60.0,2.0,199,70.0,44.1,UNK,5
TaylCh01,Chester Taylor,RB,22.0,114.0,0.0,0.0,4.58,33.0,207.0,6.0,213,71.0,51.10000000000001,UNK,2
TaylCo00,Courtney Taylor,WR,0.0,122.0,7.22,4.28,4.5,36.0,197.0,6.0,204,74.0,8.8,UNK,5
TaylJa00,Jamaar Taylor,WR,0.0,0.0,0.0,0.0,4.46,0.0,168.0,6.0,197,73.0,22.8,UNK,5
TaylSt00,Stepfan Taylor,RB,17.0,110.0,7.13,4.5,4.76,30.0,140.0,5.0,214,69.0,26.6,UNK,2
TaylTr01,Travis Taylor,WR,0.0,118.0,7.15,0.0,4.43,37.0,10.0,1.0,199,73.0,74.7,UNK,5
TaylTy00,Tyrod Taylor,QB,0.0,126.0,6.78,4.09,4.47,37.5,180.0,6.0,217,73.0,0.9199999999999999,UNK,1
TeboTi00,Tim Tebow,QB,0.0,115.0,6.66,4.17,4.71,38.5,25.0,1.0,236,75.0,104.86000000000001,UNK,1
TerrDa00,David Terrell,WR,0.0,0.0,0.0,0.0,4.43,0.0,8.0,1.0,213,75.0,99.50000000000001,UNK,5
ThomAn01,Anthony Thomas,RB,20.0,115.0,7.48,4.44,4.58,32.5,38.0,2.0,229,74.0,212.1,UNK,2
ThomCh03,Chris Thompson,RB,21.0,0.0,0.0,0.0,4.42,0.0,154.0,5.0,192,67.0,0.0,UNK,2
ThomDa02,David Thomas,TE,19.0,113.0,7.05,4.34,4.67,37.5,86.0,3.0,252,75.0,32.9,UNK,3
ThomDa03,Daniel Thomas,RB,21.0,0.0,0.0,0.0,4.62,0.0,62.0,2.0,230,72.0,86.3,UNK,2
ThomDe02,Devin Thomas,WR,0.0,126.0,7.15,4.26,4.41,28.0,34.0,2.0,216,74.0,38.300000000000004,UNK,5
ThomDe03,Demaryius Thomas,WR,0.0,0.0,0.0,0.0,4.52,0.0,22.0,1.0,224,75.0,62.400000000000006,UNK,5
ThomDe05,De'Anthony Thomas,RB,8.0,124.0,0.0,0.0,4.39,32.0,124.0,4.0,174,69.0,61.900000000000006,UNK,2
ThomJu00,Julius Thomas,TE,16.0,111.0,6.96,4.31,4.64,35.5,129.0,4.0,246,77.0,1.5,UNK,3
ThomKe02,Kenbrell Thompkins,WR,8.0,121.0,6.88,4.21,4.54,33.5,0.0,0.0,193,73.0,105.6,UNK,5
ThomLo00,Logan Thomas,QB,0.0,118.0,7.05,4.18,4.61,35.5,120.0,4.0,248,78.0,7.24,UNK,1
ThomMa01,Marcus Thomas,RB,21.0,116.0,0.0,0.0,4.59,30.0,166.0,5.0,213,72.0,0.0,UNK,2
ThomMi01,Mike Thomas,WR,0.0,126.0,6.65,4.28,4.3,40.5,107.0,4.0,195,68.0,107.9,UNK,5
ThomMi05,Michael Thomas,WR,18.0,126.0,6.8,4.13,4.57,35.0,47.0,2.0,212,75.0,268.70000000000005,UNK,5
ThurAn00,Andrae Thurman,WR,0.0,121.0,7.31,4.3,4.54,34.5,0.0,0.0,192,71.0,3.2,UNK,5
TodmJo00,Jordan Todman,RB,25.0,126.0,7.24,4.18,4.4,38.0,183.0,6.0,203,69.0,0.0,UNK,2
ToefLa00,LaBrandon Toefield,RB,19.0,0.0,0.0,0.0,4.6,0.0,132.0,4.0,233,71.0,64.98,UNK,2
ToilLe00,Levine Toilolo,TE,17.0,113.0,7.09,4.57,4.86,31.0,133.0,4.0,260,80.0,28.500000000000004,UNK,3
TomlLa00,LaDainian Tomlinson,RB,18.0,124.0,6.84,4.21,4.46,40.5,5.0,1.0,221,70.0,291.30000000000007,UNK,2
ToraRy00,Ryan Torain,RB,21.0,120.0,0.0,0.0,4.61,34.0,139.0,5.0,222,72.0,12.9,UNK,2
TostKe00,Keith Toston,RB,22.0,110.0,0.0,4.67,4.66,32.0,0.0,0.0,213,72.0,10.299999999999999,UNK,2
TreaLa00,Laquon Treadwell,WR,12.0,117.0,0.0,0.0,4.52,33.0,23.0,1.0,221,74.0,2.5,UNK,5
TrouBe00,Ben Troupe,TE,0.0,0.0,0.0,0.0,4.65,0.0,40.0,2.0,265,76.0,71.9,UNK,3
TuckMa00,Matthew Tucker,RB,17.0,118.0,0.0,0.0,4.55,35.5,0.0,0.0,221,72.0,0.0,UNK,2
TuckVe00,Verran Tucker,WR,0.0,0.0,0.0,0.0,4.65,0.0,0.0,0.0,200,74.0,23.400000000000002,UNK,5
TuiaMa00,Marques Tuiasosopo,QB,0.0,115.0,7.36,4.35,4.71,35.5,59.0,2.0,223,73.0,1.4600000000000002,UNK,1
TurbRo00,Robert Turbin,RB,28.0,122.0,7.16,4.31,4.42,36.0,106.0,4.0,222,70.0,75.5,UNK,2
TurnMi00,Michael Turner,RB,22.0,114.0,7.5,4.15,4.49,31.0,154.0,5.0,237,70.0,15.200000000000003,UNK,2
TurnPa00,Patrick Turner,WR,0.0,0.0,0.0,0.0,4.59,0.0,87.0,3.0,223,77.0,0.0,UNK,5
UndeTi00,Tiquan Underwood,WR,7.0,129.0,6.62,4.11,4.31,41.5,253.0,7.0,184,73.0,0.0,UNK,5
VannNi00,Nick Vannett,TE,17.0,111.0,7.05,4.2,4.76,30.5,94.0,3.0,257,78.0,6.2,UNK,3
VargTy00,Tyler Varga,RB,23.0,0.0,0.0,0.0,4.69,0.0,0.0,0.0,222,71.0,3.0,UNK,2
VereSh00,Shane Vereen,RB,31.0,115.0,6.95,4.28,4.49,34.0,56.0,2.0,210,70.0,11.700000000000001,UNK,2
VickMa20,Marcus Vick,WR-QB,0.0,117.0,6.94,4.08,4.47,36.0,0.0,0.0,200,72.0,0.0,UNK,7
VickMi00,Michael Vick,QB,0.0,0.0,0.0,0.0,4.33,0.0,1.0,1.0,210,72.0,71.3,UNK,1
WadeBo00,Bobby Wade,WR,0.0,115.0,7.01,4.11,4.66,34.5,139.0,5.0,193,70.0,27.1,UNK,5
WalfCl00,Clive Walford,TE,20.0,120.0,7.32,4.57,4.79,35.0,68.0,3.0,251,76.0,78.9,UNK,3
WalkAa00,Aaron Walker,TE,24.0,115.0,7.57,4.3,4.72,33.5,161.0,5.0,252,78.0,25.6,UNK,3
WalkDa00,Darius Walker,RB,19.0,123.0,7.18,4.39,4.55,40.5,0.0,0.0,206,70.0,53.50000000000001,UNK,2
WalkHu00,Delanie Walker,TE,0.0,118.0,0.0,0.0,4.49,36.5,175.0,6.0,240,73.0,5.0,UNK,3
WalkJa00,Javon Walker,WR,0.0,128.0,6.86,4.05,4.38,39.5,20.0,1.0,210,75.0,62.00000000000001,UNK,5
WallCo00,Cooper Wallace,TE,21.0,105.0,7.29,4.21,4.78,29.0,0.0,0.0,261,76.0,1.6,UNK,3
WallDa01,Darren Waller,WR,12.0,125.0,7.07,4.25,4.46,37.0,204.0,6.0,238,78.0,3.8000000000000003,UNK,5
WallMi00,Mike Wallace,WR,14.0,129.0,6.9,4.27,4.33,40.0,84.0,3.0,199,72.0,158.40000000000003,UNK,5
WaltTr00,Troy Walters,WR,0.0,106.0,6.61,3.84,4.55,32.5,165.0,5.0,171,66.0,1.8,UNK,5
WareKe00,Kevin Ware,TE,22.0,110.0,7.52,4.47,4.79,34.0,0.0,0.0,256,75.0,4.7,UNK,3
WareSp00,Spencer Ware,RB,0.0,0.0,0.0,0.0,4.62,0.0,194.0,6.0,228,70.0,1.0,UNK,2
WarrPe00,Peter Warrick,WR,0.0,0.0,0.0,0.0,4.58,0.0,4.0,1.0,194,71.0,166.99999999999997,UNK,5
WashCh00,Chauncey Washington,RB,0.0,0.0,0.0,0.0,4.45,0.0,213.0,7.0,211,71.0,2.8,UNK,2
WashKe00,Kelley Washington,WR,0.0,0.0,0.0,0.0,4.42,0.0,65.0,3.0,223,74.0,76.4,UNK,5
WashLe00,Leon Washington,RB,17.0,105.0,6.94,4.37,4.42,32.5,117.0,4.0,201,68.0,150.0,UNK,2
WashTo00,Tony Washington,WR,17.0,110.0,7.2,4.31,4.99,32.5,0.0,0.0,247,76.0,0.8,UNK,5
WatkSa00,Sammy Watkins,WR,16.0,126.0,6.95,4.34,4.43,34.0,4.0,1.0,211,73.0,212.0,UNK,5
WattDa00,Darius Watts,WR,0.0,0.0,0.0,0.0,4.5,0.0,54.0,2.0,188,73.0,78.8,UNK,5
WaynRe00,Reggie Wayne,WR,0.0,0.0,0.0,0.0,4.45,0.0,30.0,1.0,198,72.0,61.500000000000014,UNK,5
WebbJe00,Jeff Webb,WR,0.0,126.0,6.81,4.08,4.4,37.0,190.0,6.0,211,74.0,5.300000000000001,UNK,5
WeedBr00,Brandon Weeden,QB,0.0,0.0,0.0,0.0,4.89,0.0,22.0,1.0,221,75.0,193.60000000000002,UNK,1
WeinCh00,Chris Weinke,QB,0.0,0.0,0.0,0.0,5.2,0.0,106.0,4.0,226,76.0,194.03999999999996,UNK,1
WellCh00,Beanie Wells,RB,25.0,128.0,0.0,0.0,4.38,33.5,31.0,1.0,235,73.0,150.60000000000002,UNK,2
WellJo00,Jonathan Wells,RB,0.0,0.0,0.0,0.0,4.52,0.0,99.0,4.0,243,73.0,84.7,UNK,2
WentCa00,Carson Wentz,QB,0.0,118.0,6.86,4.15,4.77,30.5,2.0,1.0,237,77.0,241.98000000000002,UNK,1
WestBr00,Brian Westbrook,RB,26.0,118.0,7.09,0.0,4.57,37.0,91.0,3.0,200,68.0,41.9,UNK,2
WestTe00,Terrance West,RB,16.0,120.0,0.0,0.0,4.56,33.5,94.0,3.0,225,69.0,117.70000000000002,UNK,2
WhalJa00,James Whalen,TE,0.0,110.0,7.42,4.22,4.78,31.0,157.0,5.0,228,74.0,0.0,UNK,3
WhalRy00,Ryan Whalen,WR,18.0,123.0,6.67,4.09,4.53,38.5,167.0,6.0,202,73.0,6.7,UNK,5
WheaAu20,Austin Wheatley,TE,0.0,121.0,6.97,4.18,4.66,32.5,158.0,5.0,254,76.0,0.0,UNK,3
WheaMa00,Markus Wheaton,WR,20.0,120.0,6.8,4.02,4.45,37.0,79.0,3.0,189,71.0,12.4,UNK,5
WhitBl00,Blair White,WR,18.0,115.0,6.69,4.03,4.49,33.5,0.0,0.0,209,74.0,101.5,UNK,5
WhitCh02,Charlie Whitehurst,QB,0.0,112.0,7.0,4.11,4.75,33.0,81.0,3.0,223,77.0,7.300000000000001,UNK,1
WhitDe00,Dez White,WR,0.0,124.0,6.91,4.09,4.62,37.5,69.0,3.0,218,73.0,24.7,UNK,5
WhitDe01,DeAndrew White,WR,0.0,118.0,6.97,4.18,4.44,34.5,0.0,0.0,193,71.0,3.8,UNK,5
WhitJa02,James White,RB,23.0,114.0,7.05,4.2,4.57,32.0,130.0,4.0,204,69.0,11.100000000000001,UNK,2
WhitJo01,Johnny White,RB,0.0,117.0,7.07,4.31,4.5,32.5,133.0,5.0,209,70.0,4.500000000000001,UNK,2
WhitJo02,Jordan White,WR,14.0,119.0,6.84,4.13,4.63,35.0,244.0,7.0,208,72.0,2.3,UNK,5
WhitLe01,LenDale White,RB,0.0,0.0,0.0,0.0,4.49,0.0,45.0,2.0,238,72.0,44.4,UNK,2
WhitPa01,Pat White,WR,0.0,117.0,7.06,4.42,4.55,35.0,44.0,2.0,197,72.0,8.100000000000001,UNK,5
WhitRe20,Reggie White,RB,17.0,114.0,7.48,4.4,4.58,37.5,0.0,0.0,228,72.0,0.0,UNK,2
WhitRo00,Roddy White,WR,0.0,0.0,0.0,0.0,4.46,0.0,27.0,1.0,207,73.0,95.8,UNK,5
WildBr01,Brandon Wilds,RB,21.0,118.0,7.08,4.33,4.54,36.5,0.0,0.0,220,73.0,6.700000000000001,UNK,2
WileMi00,Michael Wiley,RB,0.0,0.0,0.0,0.0,4.5,0.0,144.0,5.0,193,71.0,36.0,UNK,2
WilfEr00,Ernest Wilford,WR,0.0,130.0,0.0,4.17,4.79,40.5,120.0,4.0,226,76.0,58.1,UNK,5
WillAn00,Andre Williams,RB,0.0,129.0,7.27,4.06,4.56,38.0,113.0,4.0,230,71.0,151.1,UNK,2
WillBo00,Boo Williams,TE,0.0,119.0,7.1,4.33,4.72,35.5,0.0,0.0,237,76.0,58.199999999999996,UNK,3
WillBr01,Brandon Williams,WR,0.0,115.0,6.87,4.07,4.48,34.5,84.0,3.0,179,69.0,0.0,UNK,5
WillBr04,Brandon Williams,TE,38.0,102.0,8.09,4.91,5.37,29.5,94.0,3.0,335,73.0,5.6,UNK,3
WillCa02,Cadillac Williams,RB,19.0,118.0,6.94,4.15,4.43,35.5,5.0,1.0,217,71.0,199.9,UNK,2
WillDa04,Damian Williams,WR,19.0,118.0,6.79,4.24,4.52,38.0,77.0,3.0,197,73.0,38.4,UNK,5
WillDa05,Damien Williams,RB,16.0,121.0,7.37,4.25,4.45,35.5,0.0,0.0,222,71.0,57.900000000000006,UNK,2
WillDe02,DeAngelo Williams,RB,25.0,121.0,0.0,0.0,4.45,35.5,27.0,1.0,214,69.0,132.4,UNK,2
WillDe03,Demetrius Williams,WR,0.0,127.0,6.84,4.08,4.52,38.0,111.0,4.0,197,74.0,76.60000000000001,UNK,5
WillDe05,Derrick Williams,WR,15.0,0.0,0.0,0.0,4.47,33.0,82.0,3.0,194,71.0,11.6,UNK,5
WillJa01,James Williams,WR,0.0,123.0,7.22,4.16,4.59,36.0,175.0,6.0,180,71.0,17.4,UNK,5
WillJa05,Javarris Williams,RB,25.0,116.0,0.0,0.0,4.51,33.5,212.0,7.0,223,69.0,0.6,UNK,2
WillJo07,Jonathan Williams,RB,16.0,0.0,0.0,0.0,4.56,0.0,0.0,0.0,220,71.0,16.400000000000002,UNK,2
WillKa01,Karlos Williams,RB,16.0,117.0,7.16,4.46,4.48,33.5,155.0,5.0,230,73.0,132.29999999999998,UNK,2
WillKe03,Keiland Williams,RB,0.0,0.0,0.0,0.0,4.52,0.0,0.0,0.0,233,71.0,125.99999999999997,UNK,2
WillKe05,Kerwynn Williams,RB,17.0,118.0,7.15,4.15,4.48,35.0,230.0,7.0,195,68.0,0.0,UNK,2
WillKy01,Kyle Williams,WR,11.0,118.0,7.0,4.19,4.4,33.0,206.0,6.0,188,70.0,1.8,UNK,5
WillMa04,Maxx Williams,TE,17.0,117.0,7.3,4.37,4.78,34.5,55.0,2.0,249,76.0,64.8,UNK,3
WillMi03,Mike Williams,WR,0.0,0.0,0.0,0.0,4.56,36.5,10.0,1.0,229,77.0,231.1,UNK,5
WillMi04,Mike Williams,WR,8.0,116.0,6.9,4.31,4.53,33.5,101.0,4.0,221,73.0,230.40000000000003,UNK,5
WillRe00,Reggie Williams,WR,0.0,0.0,0.0,0.0,4.56,0.0,9.0,1.0,229,76.0,59.800000000000004,UNK,5
WillRi00,Ricky Williams,RB,19.0,110.0,0.0,0.0,4.47,32.5,0.0,0.0,190,67.0,400.6,UNK,2
WillRi01,Ricky Williams,RB,19.0,110.0,0.0,0.0,4.47,32.5,0.0,0.0,190,67.0,12.5,UNK,2
WillRo04,Roy Williams,WR,0.0,0.0,0.0,0.0,4.48,0.0,7.0,1.0,212,74.0,189.8,UNK,5
WillSh01,Shaud Williams,RB,15.0,114.0,7.01,4.15,4.73,34.0,0.0,0.0,193,67.0,33.60000000000001,UNK,2
WillSt01,Stephen Williams,WR,15.0,125.0,6.81,4.11,4.5,36.5,0.0,0.0,210,76.0,19.099999999999998,UNK,5
WillTe01,Terrance Williams,WR,11.0,119.0,7.01,4.32,4.52,32.5,74.0,3.0,208,74.0,151.0,UNK,5
WillTr01,Troy Williamson,WR,0.0,0.0,6.99,0.0,4.32,0.0,7.0,1.0,203,73.0,75.99999999999999,UNK,5
WillTr03,Trey Williams,RB,18.0,119.0,6.84,4.12,4.49,33.5,0.0,0.0,195,67.0,1.2000000000000002,UNK,2
WilsAl02,Albert Wilson,WR,10.0,123.0,7.0,4.21,4.43,37.5,0.0,0.0,202,69.0,42.00000000000001,UNK,5
WilsCe00,Cedrick Wilson,WR,0.0,123.0,0.0,0.0,4.48,38.0,169.0,6.0,179,70.0,0.0,UNK,5
WilsDa01,David Wilson,RB,0.0,132.0,7.09,4.12,4.38,41.0,32.0,1.0,206,70.0,82.2,UNK,2
WilsKr00,Kris Wilson,TE,24.0,119.0,6.88,4.1,4.62,35.0,61.0,2.0,248,74.0,0.0,UNK,3
WilsMa02,Marquess Wilson,WR,7.0,122.0,6.65,4.33,4.51,34.5,236.0,7.0,194,75.0,3.3,UNK,5
WilsMa21,Mark Wilson,TE,24.0,108.0,7.53,4.49,5.36,28.5,151.0,5.0,314,79.0,0.0,UNK,3
WilsRu00,Russell Wilson,QB,0.0,118.0,6.97,4.09,4.53,34.0,75.0,3.0,204,71.0,291.62,UNK,1
WilsTr00,Travis Wilson,WR,0.0,120.0,6.7,3.99,4.47,36.5,78.0,3.0,214,74.0,5.2,UNK,5
WinsJa00,Jameis Winston,QB,0.0,103.0,7.16,4.36,4.97,28.5,1.0,1.0,231,76.0,297.98,UNK,1
WinsKe01,Kellen Winslow,TE,24.0,120.0,0.0,0.0,4.55,0.0,6.0,1.0,251,76.0,10.0,UNK,3
WittJa00,Jason Witten,TE,25.0,0.0,0.0,0.0,4.65,31.0,69.0,3.0,264,78.0,75.7,UNK,3
WolfGa00,Garrett Wolfe,RB,22.0,116.0,6.69,4.08,4.39,35.5,93.0,3.0,186,67.0,29.200000000000003,UNK,2
WoodCi00,Cierre Wood,RB,16.0,124.0,0.0,0.0,4.56,37.5,0.0,0.0,213,71.0,0.9,UNK,2
WoodRa00,Rashaun Woods,WR,0.0,125.0,6.93,3.97,4.47,39.0,31.0,1.0,202,74.0,29.0,UNK,5
WoodRo02,Robert Woods,WR,14.0,117.0,7.15,4.47,4.51,33.5,41.0,2.0,201,72.0,118.30000000000003,UNK,5
WrigDw01,Dwayne Wright,RB,14.0,115.0,7.23,4.43,4.66,34.0,111.0,4.0,228,71.0,14.1,UNK,2
WrigGe00,George Wrighster,TE,16.0,115.0,7.24,0.0,4.89,34.5,104.0,4.0,249,74.0,40.0,UNK,3
WrigJa01,Jason Wright,RB,0.0,111.0,7.35,4.12,4.68,30.0,0.0,0.0,210,70.0,1.0,UNK,2
WrigJa02,Jarius Wright,WR,11.0,120.0,6.93,4.03,4.39,38.0,118.0,4.0,182,70.0,66.10000000000001,UNK,5
WrigKe01,Kendall Wright,WR,0.0,121.0,6.93,4.18,4.49,38.5,20.0,1.0,196,70.0,151.00000000000003,UNK,5
WyliDe00,Devon Wylie,WR,17.0,123.0,0.0,0.0,4.36,39.0,107.0,4.0,187,69.0,11.299999999999999,UNK,5
WynnDe00,DeShawn Wynn,RB,0.0,115.0,0.0,0.0,4.47,31.5,228.0,7.0,232,70.0,60.6,UNK,2
WynnSp00,Spergon Wynn,QB,0.0,108.0,7.71,4.59,4.91,34.0,183.0,6.0,229,75.0,7.18,UNK,1
YamiBa20,Bashir Yamini,WR,0.0,130.0,7.09,4.18,4.53,33.0,0.0,0.0,191,75.0,0.0,UNK,5
YounSe00,Selvin Young,RB,0.0,0.0,0.0,0.0,4.58,0.0,0.0,0.0,207,71.0,143.00000000000003,UNK,2
YounTi00,Titus Young,WR,0.0,123.0,0.0,0.0,4.43,0.0,44.0,2.0,174,71.0,146.20000000000002,UNK,5
YounVi00,Vince Young,QB,0.0,0.0,0.0,0.0,4.48,0.0,3.0,1.0,229,77.0,220.16,UNK,1
YounWa00,Walter Young,WR,0.0,121.0,6.9,4.25,4.54,39.0,226.0,7.0,214,77.0,0.0,UNK,5
ZennZa00,Zach Zenner,RB,25.0,121.0,7.08,4.14,4.6,41.0,0.0,0.0,223,71.0,9.1,UNK,2
